Handle,Title,Vendor,Type,Tags,Variant Price,Variant Compare At Price,Status,Discount %,Auto_Category
summer-innovative-design-eva-mens-shoes-soft-and-lightweight-home-slippers-suitable-for-indoor-and-outdoor-leisure-activities,"Summer innovative design EVA men's shoes, soft and lightweight home slippers, suitable for indoor and outdoor leisure activities",THE SEAMARK GLOBAL INNOVATIONS,Unknown,,7.99,4.99,active,-60.1,Footwear
new-summer-mens-breathable-mesh-running-shoes-lightweight-sports-sneakers-fashion-trendy-brand,New Summer Mens Breathable Mesh Running Shoes Lightweight Sports Sneakers Fashion Trendy Brand,THE SEAMARK GLOBAL INNOVATIONS,Unknown,,46.99,20.41,active,-130.2,Footwear
2025-new-mens-casual-slip-ons-durable-comfortable-breathable-stylish-half-slippers,"2025 New Men's Casual Slip-Ons - Durable, Comfortable, Breathable & Stylish Half-Slippers",THE SEAMARK GLOBAL INNOVATIONS,Unknown,,44.99,19.8,active,-127.2,Footwear
new-casual-orthopedics-wide-feet-swollen-shoes-thumb-eversion-adjusting-soft-comfortable-diabetic-shoe-walking-shoes,New Casual Orthopedics Wide Feet Swollen Shoes Thumb Eversion Adjusting Soft Comfortable Diabetic Shoe Walking Shoes,THE SEAMARK GLOBAL INNOVATIONS,Unknown,,28.99,13.2,active,-119.6,Footwear
2025-new-men-sportswear-fitness-top-gym-shirts-quick-drying-breathable-slim-long-sleeved-t-shirt-running-training-clothes-autumn,2025 New Men Sportswear Fitness Top Gym Shirts Quick-drying Breathable Slim Long-sleeved T-shirt Running Training Clothes Autumn,THE SEAMARK GLOBAL INNOVATIONS,Unknown,mens-clothing,14.99,7.75,active,-93.4,Apparel
male-pants-stretch-solid-black-smart-casual-mens-trousers-office-quick-dry-suit-pants-new-spring-autumn-korean-straight-pants,Male Pants Stretch Solid Black Smart Casual Men's Trousers Office Quick Dry Suit Pants New Spring Autumn Korean Straight Pants,THE SEAMARK GLOBAL INNOVATIONS,Unknown,mens-clothing,20.99,10.2,active,-105.8,Apparel
hawaii-shirts-for-men-3d-paisley-graphic-short-sleeved-t-shirt-casual-lapel-buttons-male-tops-summer-oversized-bohemian-man-tees,Hawaii Shirts for Men 3D Paisley Graphic Short-sleeved T-shirt Casual Lapel Buttons Male Tops Summer Oversized Bohemian Man Tees,THE SEAMARK GLOBAL INNOVATIONS,Unknown,mens-clothing,14.99,7.73,active,-93.9,Apparel
mens-summer-100-cotton-fashionable-casual-loose-coconut-tree-pattern-printed-sports-round-neck-short-sleeved-t-shirt-top,Men's summer 100% cotton fashionable casual loose coconut tree pattern printed sports round neck short sleeved T-shirt top,THE SEAMARK GLOBAL INNOVATIONS,Unknown,,18.99,9.27,active,-104.9,Apparel
red-and-black-plaid-shirt-men-shirts-2026-new-summer-fashion-chemise-homme-mens-checkered-shirts-short-sleeve-shirt-men-blouse,Red And Black Plaid Shirt Men Shirts 2026 New Summer Fashion Chemise Homme Mens Checkered Shirts Short Sleeve Shirt Men Blouse,THE SEAMARK GLOBAL INNOVATIONS,Unknown,,12.99,6.76,active,-92.2,Apparel
retro-mens-t-shirt-gym-american-flag-print-casual-crew-neck-short-sleeve-top-outdoor-loose-fit-sweatshirt-streetwear-pullover,Retro Men's T-Shirt Gym American Flag Print Casual Crew Neck Short Sleeve Top Outdoor Loose-Fit Sweatshirt Streetwear Pullover,THE SEAMARK GLOBAL INNOVATIONS,Unknown,,5.99,4.0,active,-49.8,Apparel
2024-mens-print-pants-autumn-winter-new-in-mens-clothing-trousers-sport-jogging-fitness-running-trousers-harajuku-streetwear,2024 Mens Print Pants Autumn/Winter New In Men's Clothing Trousers Sport Jogging Fitness Running Trousers Harajuku Streetwear,THE SEAMARK GLOBAL INNOVATIONS,Unknown,mens-clothing,12.99,7.07,active,-83.7,Apparel
2025-fashion-men-wool-blends-mens-casual-business-trench-coat-mens-leisure-overcoat-male-punk-style-blends-dust-coats-jackets,2025 Fashion Men Wool & Blends Mens Casual Business Trench Coat Mens Leisure Overcoat Male Punk Style Blends Dust Coats Jackets,THE SEAMARK GLOBAL INNOVATIONS,Unknown,,24.99,11.69,active,-113.8,Other
hat-men-version-tide-solid-color-flat-baseball-caps-cotton-blend-cap-men-side-button-duck-tongue-hat-sunscreen-sports-hat,Hat Men Version Tide Solid Color Flat Baseball Caps Cotton Blend Cap Men Side Button Duck Tongue Hat Sunscreen Sports Hat,THE SEAMARK GLOBAL INNOVATIONS,Unknown,mens-clothing,8.99,5.25,active,-71.2,Other
mens-trousers-summer-casual-pants-new-mens-clothing-fitness-and-sports-sprint-sports-suit-bahia-port-streetwear-thin-pants,Men's trousers summer casual pants new men's clothing fitness and sports sprint sports suit Bahia Port streetwear thin pants,THE SEAMARK GLOBAL INNOVATIONS,Unknown,mens-clothing,20.99,9.96,active,-110.7,Apparel
2026-new-mens-sportswear-short-sleeved-t-shirt-and-sports-shorts-summer-casual-jogging-pants-set-mens-two-piece-set,2026 New Men's Sportswear Short Sleeved T-shirt and Sports Shorts Summer Casual Jogging Pants Set Men's Two-piece Set,THE SEAMARK GLOBAL INNOVATIONS,Unknown,,17.99,8.84,active,-103.5,Apparel
trousers-versatile-mens-sweatpants-trend-print-pants-outdoors-sports-daily-casual-tracksuit-trousers-seaside-jogging-man-pants,Trousers Versatile Mens Sweatpants Trend Print Pants Outdoors Sports Daily Casual Tracksuit Trousers Seaside Jogging Man Pants,THE SEAMARK GLOBAL INNOVATIONS,Unknown,mens-clothing,23.99,11.32,active,-111.9,Apparel
autumn-mens-wide-loose-casual-pants-mens-patchwork-nine-point-sports-elastic-rope-breathable-tie-foot-trousers,Autumn Men's Wide Loose Casual Pants Mens Patchwork Nine-point Sports  Elastic Rope Breathable Tie-foot Trousers,THE SEAMARK GLOBAL INNOVATIONS,Unknown,mens-clothing,16.99,8.5,active,-99.9,Apparel
men-women-print-t-shirt-fashion-hip-hop-metal-gothic-rock-t-shirt-loose-streetwear-summer-loose-sport-t-shirt-y2k-short-sleeve,Men Women Print T-shirt Fashion Hip Hop Metal Gothic Rock T Shirt Loose Streetwear Summer Loose Sport T Shirt Y2K Short Sleeve,THE SEAMARK GLOBAL INNOVATIONS,Unknown,mens-clothing,9.99,5.7,active,-75.3,Apparel
mens-tracksuit-2-piece-o-neck-short-sleeve-shirt-shorts-set-mens-running-suit-plus-size-t-shirts-man-clothing-summer-t-shirt,Men's Tracksuit 2 Piece O-neck Short Sleeve Shirt Shorts Set Men's Running Suit Plus Size T shirts Man Clothing Summer T-shirt,THE SEAMARK GLOBAL INNOVATIONS,Unknown,mens-clothing,11.99,6.43,active,-86.5,Apparel
men-women-off-campus-briar-university-jersey-graham-44-fans-22-di-laurentis-66-tucker46-t-shirt-v-neck-short-sleeve-men-t-shirt,Men Women Off Campus Briar University Jersey Graham 44 fans 22 DI LAURENTIS 66 Tucker46 T-shirt V-neck Short Sleeve Men t-shirt,THE SEAMARK GLOBAL INNOVATIONS,Unknown,mens-clothing,15.99,7.9,active,-102.4,Apparel
100-cotton-breathable-short-sleeve-t-shirt-mens-summer-fashion-luxury-brand-golf-paul-embroidery-loose-casual-round-neck-top,100% cotton breathable short sleeve T-shirt men's summer fashion luxury brand golf Paul embroidery loose casual round neck top,THE SEAMARK GLOBAL INNOVATIONS,Unknown,mens-clothing,36.99,16.31,active,-126.8,Apparel
tung-sahur-graphic-printed-t-shirt-men-summer-casual-loose-fashion-funny-round-neck-short-sleeve-tops-clothing-t-shirt-unisex,Tung Sahur Graphic Printed T-Shirt Men Summer Casual Loose Fashion Funny Round Neck Short Sleeve Tops Clothing T-shirt Unisex,THE SEAMARK GLOBAL INNOVATIONS,Unknown,mens-clothing,17.99,8.74,active,-105.8,Apparel
2024-new-summer-running-shorts-men-sports-jogging-fitness-shorts-quick-dry-mens-gym-men-shorts-mesh-gyms-shorts-mens-sweatpants,2024 NEW Summer Running Shorts Men Sports Jogging Fitness Shorts Quick Dry Mens Gym Men Shorts mesh gyms Shorts Men's sweatpants,THE SEAMARK GLOBAL INNOVATIONS,Unknown,mens-clothing,12.99,7.01,active,-85.3,Fitness
mens-bodybuilding-sports-tight-t-shirt-summer-compression-turtleneck-short-sleeve-gym-fitness-running-quick-dry-male-workout-top,Mens Bodybuilding Sports Tight T-shirt Summer Compression Turtleneck Short Sleeve Gym Fitness Running Quick Dry Male Workout Top,THE SEAMARK GLOBAL INNOVATIONS,Unknown,mens-clothing,14.99,7.75,active,-93.4,Apparel
summer-mens-cargo-shorts-bermuda-cotton-high-quality-hot-sale-army-military-multi-pocket-casual-males-outdoor-short-pants,Summer Mens Cargo Shorts Bermuda Cotton High Quality Hot Sale Army Military Multi-pocket Casual Male's Outdoor Short Pants,THE SEAMARK GLOBAL INNOVATIONS,Unknown,mens-clothing,22.99,10.8,active,-112.9,Other
mens-sleeveless-fitness-shirt-anime-m-sports-leisure-jogging-fast-drying-summer-training-clothes-fitness-men,Men's sleeveless fitness shirt anime M sports leisure jogging fast drying summer training clothes fitness men,THE SEAMARK GLOBAL INNOVATIONS,Unknown,mens-clothing,10.99,6.11,active,-79.9,Apparel
2026-new-rozanov-81-boston-raiders-100-cotton-mens-shirt-graphics-heated-rival-oversized-womens-short-sleeved-cheap-tshirt,2026 New Rozanov 81 Boston Raiders 100%cotton men's shirt Graphics heated rival oversized Women's Short Sleeved Cheap Tshirt,THE SEAMARK GLOBAL INNOVATIONS,Unknown,mens-clothing,22.99,10.68,active,-115.3,Apparel
new-mens-dress-shirt-long-sleeve-thin-free-ironing-business-casual-slim-fit-fashion-breathable-high-quality-solid-color,New men's dress shirt long sleeve thin free ironing business casual slim-fit fashion breathable high quality solid color,THE SEAMARK GLOBAL INNOVATIONS,Unknown,mens-clothing,17.99,8.77,active,-105.1,Apparel
100-cotton-t-shirt-men-women-solid-color-o-neck-short-sleeved-tops-summer-korean-loose-half-sleeve-t-shirt-unisex-m-4xl,100% Cotton T-shirt Men Women Solid Color O Neck Short-sleeved Tops Summer Korean Loose Half-sleeve T Shirt Unisex M-4XL,THE SEAMARK GLOBAL INNOVATIONS,Unknown,mens-clothing,13.99,7.14,active,-95.9,Apparel
2025-mens-trousers-for-autumn-and-winter-mens-casual-pants-fashionable-soft-sportswear-pants-jogging-sports-logo-print,"2025 Men's trousers for autumn and winter, men's casual pants, fashionable soft sportswear pants, jogging sports logo print",THE SEAMARK GLOBAL INNOVATIONS,Unknown,mens-clothing,14.99,7.55,active,-98.5,Apparel
men-sport-t-shirt-quick-dry-bodybuilding-running-shirt-long-sleeve-compression-top-gym-t-shirt-men-fitness-tight-rashgard,Men Sport T-shirt Quick Dry Bodybuilding Running Shirt Long Sleeve Compression Top Gym T Shirt Men Fitness Tight Rashgard,THE SEAMARK GLOBAL INNOVATIONS,Unknown,mens-clothing,11.99,6.64,active,-80.6,Apparel
1-2pcs-autumn-winter-mens-high-neck-t-shirt-slim-fit-fashion-high-elastic-long-sleeve-casual-breathable-apparel-pullover,1/2pcs Autumn  Winter Men's High Neck T-shirt Slim Fit Fashion High Elastic Long Sleeve Casual Breathable Apparel Pullover,THE SEAMARK GLOBAL INNOVATIONS,Unknown,mens-clothing,8.99,5.27,active,-70.6,Apparel
pure-white-260g-heavy-t-shirt-mens-summer-pure-cotton-short-sleeved-new-mens-and-womens-streetwear,Pure White 260g Heavy T-shirt Men's Summer Pure Cotton Short-sleeved New Men's and Women's Streetwear,THE SEAMARK GLOBAL INNOVATIONS,Unknown,mens-clothing,11.99,6.33,active,-89.4,Apparel
mens-casual-and-fashionable-long-sleeved-solid-color-shirt-non-ironing-and-wrinkle-resistant-business-top,Men's Casual and Fashionable Long Sleeved Solid Color Shirt Non Ironing and Wrinkle Resistant Business Top,THE SEAMARK GLOBAL INNOVATIONS,Unknown,mens-clothing,12.99,6.85,active,-89.6,Apparel
summer-mens-round-neck-breathable-t-shirt-with-cartoon-bear-print-pattern-suitable-for-daily-and-weekend-gifting-to-friends,Summer men's round neck breathable T-shirt with cartoon bear print pattern suitable for daily and weekend gifting to friends,THE SEAMARK GLOBAL INNOVATIONS,Unknown,mens-clothing,7.99,4.88,active,-63.7,Apparel
summer-men-t-shirt-high-quality-cotton-blend-funny-banana-printing-loose-o-neck-men-short-sleeve-casual-for-male-t-shirt-top-tee,Summer Men T-shirt High Quality Cotton Blend Funny Banana Printing Loose O-neck Men Short Sleeve Casual For Male T-shirt Top Tee,THE SEAMARK GLOBAL INNOVATIONS,Unknown,mens-clothing,10.99,6.07,active,-81.1,Apparel
mens-polo-shirt-golf-shirt-graphic-prints-v-neck-outdoor-street-short-sleeves-print-clothing-sports-fashion-streetwear-designer,Men's Polo Shirt Golf Shirt Graphic Prints V Neck Outdoor Street Short Sleeves Print Clothing Sports Fashion Streetwear Designer,THE SEAMARK GLOBAL INNOVATIONS,Unknown,,13.99,7.17,active,-95.1,Apparel
womens-elegant-two-piece-set-shiny-dress-with-lace-interior-long-sleeve-autumn-occasion-fashionable-female-clothing-1,Women's Elegant Two-Piece Set Shiny Dress with Lace Interior Long Sleeve Autumn Occasion Fashionable Female Clothing,THE SEAMARK GLOBAL INNOVATIONS,Unknown,,55.99,23.95,active,-133.8,Apparel
womens-elegant-islamic-clothing-pink-embroidered-robe-loose-batwing-sleeve-arab-abaya-1,"Women's Elegant Islamic Clothing, Pink Embroidered Robe, Loose Batwing Sleeve Arab Abaya",THE SEAMARK GLOBAL INNOVATIONS,Unknown,,40.99,17.95,active,-128.4,Apparel
evening-dresses-for-women-2024-party-dress-women-clothing-birthday-dress-for-woman-long-dresses-fall-clothes-long-dresses-1,Evening Dresses for Women 2024 Party Dress Women Clothing Birthday Dress for Woman Long Dresses Fall Clothes Long Dresses,THE SEAMARK GLOBAL INNOVATIONS,Unknown,,35.99,16.01,active,-124.8,Apparel
underwear-dress-women-striped-perspective-hollow-tight-short-dresses-women-clothing-dress-summer-sheer-breathable-camisole-skirt-1,Underwear Dress Women Striped Perspective Hollow Tight Short Dresses Women Clothing Dress Summer Sheer Breathable Camisole Skirt,THE SEAMARK GLOBAL INNOVATIONS,Unknown,,7.99,5.0,active,-59.8,Apparel
2026-european-and-american-temperament-womens-clothing-new-spring-and-summer-styles-high-waisted-midi-skirts-high-neck-loose-1,"temperament women's clothing new spring and summer styles: high-waisted midi skirts, high-neck loose",THE SEAMARK GLOBAL INNOVATIONS,Unknown,,43.99,19.46,active,-126.1,Apparel
new-autumn-and-winter-european-and-american-fashion-womens-clothing-oversized-with-an-irregular-hem-solid-color-heart-shaped-1,"New autumn and winter  fashion women's clothing, oversized with an irregular hem, solid color, heart-shaped",THE SEAMARK GLOBAL INNOVATIONS,Unknown,,41.99,18.67,active,-124.9,Apparel
evening-dresses-for-women-2022-party-dress-women-clothing-birthday-dress-for-woman-long-dresses-fall-clothes-2023,evening dresses  for women 2022 party dress women clothing birthday dress for woman long dresses fall clothes 2022,THE SEAMARK GLOBAL INNOVATIONS,Unknown,,26.99,12.39,active,-117.8,Apparel
womens-fashion-print-dress-for-women-casual-sexy-deep-v-neck-lace-up-loose-dresses-robe-femme-summer-holiday-womens-clothing-1,Women's Fashion Print Dress For Women Casual Sexy Deep V Neck Lace-Up Loose Dresses Robe Femme Summer Holiday Womens Clothing,THE SEAMARK GLOBAL INNOVATIONS,Unknown,,18.99,9.3,active,-104.2,Apparel
coordinated-women-clothing-breathable-summer-outfit-women-s-batwing-sleeve-linen-two-piece-set-shirt-wide-leg-pants-outfit-1,Coordinated Women Clothing Breathable Summer Outfit Women’s Batwing Sleeve Linen Two-piece Set Shirt Wide Leg Pants Outfit,THE SEAMARK GLOBAL INNOVATIONS,Unknown,,20.99,9.96,active,-110.7,Apparel
casual-dress-dresses-2025-woman-simple-style-vestido-womens-clothing-all-match-temperament-elegant-loose-quarter-sleeve-printed-1,Casual Dress Dresses 2025 Woman Simple Style Vestido Women's Clothing All-match Temperament Elegant Loose Quarter Sleeve Printed,THE SEAMARK GLOBAL INNOVATIONS,Unknown,,17.99,9.0,active,-99.9,Apparel
womens-clothing-2025-spring-summer-new-fashionable-slim-fit-round-neck-pleated-bag-hip-irregular-sleeveless-dress-1,Women's clothing 2025 spring/summer new fashionable slim fit round neck pleated bag hip irregular sleeveless dress,THE SEAMARK GLOBAL INNOVATIONS,Unknown,,41.99,18.67,active,-124.9,Apparel
casual-woman-clothing-2026-summer-two-piece-set-for-women-t-shirts-o-neck-shorts-daily-short-sleeve-tracksuit-hot-sales-matching-1,Casual Woman Clothing  Summer Two Piece Set for Women T-Shirts O-Neck Shorts Daily Short Sleeve Tracksuit  Matching,THE SEAMARK GLOBAL INNOVATIONS,Unknown,,25.99,11.94,active,-117.7,Apparel
2026-womens-clothing-dresses-for-ladies-spaghetti-strap-vestido-simple-style-temperament-printed-slim-sling-sleeveless-contrast-1,Women's Clothing Dresses For Ladies Spaghetti Strap Vestido Simple Style Temperament Printed Slim Sling Sleeveless Contrast,THE SEAMARK GLOBAL INNOVATIONS,Unknown,,20.99,10.01,active,-109.7,Apparel
women-clothing-2-pieces-print-long-sleeve-shirt-top-and-pleated-mini-skirt-luxury-fashion-wear-elegant-party-birthday-dress-set-1,Women Clothing 2 Pieces Print Long Sleeve Shirt Top and Pleated Mini Skirt Luxury Fashion Wear Elegant Party Birthday Dress Set,THE SEAMARK GLOBAL INNOVATIONS,Unknown,,43.99,19.13,active,-130.0,Apparel
2026-cross-border-european-and-american-foreign-trade-womens-clothing-new-european-and-american-style-dress-1,Women's Clothing New  Style Dress,THE SEAMARK GLOBAL INNOVATIONS,Unknown,,74.99,31.73,active,-136.3,Apparel
2026-european-and-american-womens-clothing-autumn-new-item-satin-dress-pleated-versatile-dress-womens-versatile-fashion-dress-1,Women's Clothing Autumn New Item Satin Dress Pleated Versatile Dress Women's Versatile Fashion Dress,THE SEAMARK GLOBAL INNOVATIONS,Unknown,,31.99,14.39,active,-122.3,Apparel
womens-clothing-western-tops-2024-hot-autumn-new-waist-cinched-round-neck-tight-long-sleeved-top-europe-america-t-shirts-tees-1,Women's Clothing Western Tops 2024 hot autumn new waist cinched round neck tight long sleeved top Europe America T-Shirts Tees,THE SEAMARK GLOBAL INNOVATIONS,Unknown,,3.99,3.43,active,-16.3,Apparel
summer-new-women-clothing-elegant-office-dresses-pleated-woman-notched-collar-half-sleeve-belt-waisted-mid-female-vestidos-1,Summer New Women Clothing Elegant Office Dresses Pleated Woman Notched Collar Half Sleeve Belt Waisted Mid Female Vestidos,THE SEAMARK GLOBAL INNOVATIONS,Unknown,,46.99,20.35,active,-130.9,Apparel
white-dress-for-women-casual-sexy-v-neck-packed-hip-dresses-women-clothing-2022-wedding-retro-sundress-midi-dress-for-women-1,White Dress For Women Casual Sexy V-neck Packed Hip Dresses Women Clothing 2022 Wedding Retro Sundress Midi Dress For Women,THE SEAMARK GLOBAL INNOVATIONS,Unknown,,26.99,12.55,active,-115.1,Apparel
womens-pants-camis-sports-clothing-summer-streetwear-fashion-new-striped-2-piece-casual-slim-elegant-female-knitted-clothing-1,Women's Pants & Camis Sports Clothing Summer Streetwear Fashion New Striped 2 Piece Casual Slim Elegant Female Knitted Clothing,THE SEAMARK GLOBAL INNOVATIONS,Unknown,,38.99,17.41,active,-124.0,Apparel
womens-elegant-islamic-clothing-pink-embroidered-robe-loose-batwing-sleeve-arab-abaya,"Women's Elegant Islamic Clothing, Pink Embroidered Robe, Loose Batwing Sleeve Arab Abaya",THE SEAMARK GLOBAL INNOVATIONS,Unknown,,40.99,17.95,active,-128.4,Apparel
evening-dresses-for-women-2024-party-dress-women-clothing-birthday-dress-for-woman-long-dresses-fall-clothes-long-dresses,Evening Dresses for Women 2024 Party Dress Women Clothing Birthday Dress for Woman Long Dresses Fall Clothes Long Dresses,THE SEAMARK GLOBAL INNOVATIONS,Unknown,,35.99,16.01,active,-124.8,Apparel
underwear-dress-women-striped-perspective-hollow-tight-short-dresses-women-clothing-dress-summer-sheer-breathable-camisole-skirt,Underwear Dress Women Striped Perspective Hollow Tight Short Dresses Women Clothing Dress Summer Sheer Breathable Camisole Skirt,THE SEAMARK GLOBAL INNOVATIONS,Unknown,,7.99,5.0,active,-59.8,Apparel
2026-european-and-american-temperament-womens-clothing-new-spring-and-summer-styles-high-waisted-midi-skirts-high-neck-loose,"temperament women's clothing new spring and summer styles: high-waisted midi skirts, high-neck loose",THE SEAMARK GLOBAL INNOVATIONS,Unknown,,43.99,19.46,active,-126.1,Apparel
new-autumn-and-winter-european-and-american-fashion-womens-clothing-oversized-with-an-irregular-hem-solid-color-heart-shaped,"New autumn and winter  fashion women's clothing, oversized with an irregular hem, solid color, heart-shaped",THE SEAMARK GLOBAL INNOVATIONS,Unknown,,41.99,18.67,active,-124.9,Apparel
coordinated-women-clothing-breathable-summer-outfit-women-s-batwing-sleeve-linen-two-piece-set-shirt-wide-leg-pants-outfit,Coordinated Women Clothing Breathable Summer Outfit Women’s Batwing Sleeve Linen Two-piece Set Shirt Wide Leg Pants Outfit,THE SEAMARK GLOBAL INNOVATIONS,Unknown,,20.99,9.96,active,-110.7,Apparel
evening-dresses-for-women-2022-party-dress-women-clothing-birthday-dress-for-woman-long-dresses-fall-clothes-2022,evening dresses  for women 2022 party dress women clothing birthday dress for woman long dresses fall clothes 2022,THE SEAMARK GLOBAL INNOVATIONS,Unknown,,26.99,12.39,active,-117.8,Apparel
womens-fashion-print-dress-for-women-casual-sexy-deep-v-neck-lace-up-loose-dresses-robe-femme-summer-holiday-womens-clothing,Women's Fashion Print Dress For Women Casual Sexy Deep V Neck Lace-Up Loose Dresses Robe Femme Summer Holiday Womens Clothing,THE SEAMARK GLOBAL INNOVATIONS,Unknown,,18.99,9.3,active,-104.2,Apparel
casual-dress-dresses-2025-woman-simple-style-vestido-womens-clothing-all-match-temperament-elegant-loose-quarter-sleeve-printed,Casual Dress Dresses 2025 Woman Simple Style Vestido Women's Clothing All-match Temperament Elegant Loose Quarter Sleeve Printed,THE SEAMARK GLOBAL INNOVATIONS,Unknown,,17.99,9.0,active,-99.9,Apparel
womens-clothing-2025-spring-summer-new-fashionable-slim-fit-round-neck-pleated-bag-hip-irregular-sleeveless-dress,Women's clothing 2025 spring/summer new fashionable slim fit round neck pleated bag hip irregular sleeveless dress,THE SEAMARK GLOBAL INNOVATIONS,Unknown,,41.99,18.67,active,-124.9,Apparel
women-clothing-2-pieces-print-long-sleeve-shirt-top-and-pleated-mini-skirt-luxury-fashion-wear-elegant-party-birthday-dress-set,Women Clothing 2 Pieces Print Long Sleeve Shirt Top and Pleated Mini Skirt Luxury Fashion Wear Elegant Party Birthday Dress Set,THE SEAMARK GLOBAL INNOVATIONS,Unknown,,43.99,19.13,active,-130.0,Apparel
2026-cross-border-european-and-american-foreign-trade-womens-clothing-new-european-and-american-style-dress,Women's Clothing New  Style Dress,THE SEAMARK GLOBAL INNOVATIONS,Unknown,,74.99,31.73,active,-136.3,Apparel
2026-european-and-american-womens-clothing-autumn-new-item-satin-dress-pleated-versatile-dress-womens-versatile-fashion-dress,Women's Clothing Autumn New Item Satin Dress Pleated Versatile Dress Women's Versatile Fashion Dress,THE SEAMARK GLOBAL INNOVATIONS,Unknown,,31.99,14.39,active,-122.3,Apparel
womens-clothing-western-tops-2024-hot-autumn-new-waist-cinched-round-neck-tight-long-sleeved-top-europe-america-t-shirts-tees,Women's Clothing Western Tops 2024 hot autumn new waist cinched round neck tight long sleeved top Europe America T-Shirts Tees,THE SEAMARK GLOBAL INNOVATIONS,Unknown,,3.99,3.43,active,-16.3,Apparel
white-dress-for-women-casual-sexy-v-neck-packed-hip-dresses-women-clothing-2022-wedding-retro-sundress-midi-dress-for-women,White Dress For Women Casual Sexy V-neck Packed Hip Dresses Women Clothing 2022 Wedding Retro Sundress Midi Dress For Women,THE SEAMARK GLOBAL INNOVATIONS,Unknown,,26.99,12.55,active,-115.1,Apparel
summer-new-women-clothing-elegant-office-dresses-pleated-woman-notched-collar-half-sleeve-belt-waisted-mid-female-vestidos,Summer New Women Clothing Elegant Office Dresses Pleated Woman Notched Collar Half Sleeve Belt Waisted Mid Female Vestidos,THE SEAMARK GLOBAL INNOVATIONS,Unknown,,46.99,20.35,active,-130.9,Apparel
casual-woman-clothing-2026-summer-two-piece-set-for-women-t-shirts-o-neck-shorts-daily-short-sleeve-tracksuit-hot-sales-matching,Casual Woman Clothing  Summer Two Piece Set for Women T-Shirts O-Neck Shorts Daily Short Sleeve Tracksuit  Matching,THE SEAMARK GLOBAL INNOVATIONS,Unknown,,25.99,11.94,active,-117.7,Apparel
womens-pants-camis-sports-clothing-summer-streetwear-fashion-new-striped-2-piece-casual-slim-elegant-female-knitted-clothing,Women's Pants & Camis Sports Clothing Summer Streetwear Fashion New Striped 2 Piece Casual Slim Elegant Female Knitted Clothing,THE SEAMARK GLOBAL INNOVATIONS,Unknown,,38.99,17.41,active,-124.0,Apparel
2026-womens-clothing-dresses-for-ladies-spaghetti-strap-vestido-simple-style-temperament-printed-slim-sling-sleeveless-contrast,Women's Clothing Dresses For Ladies Spaghetti Strap Vestido Simple Style Temperament Printed Slim Sling Sleeveless Contrast,THE SEAMARK GLOBAL INNOVATIONS,Unknown,,20.99,10.01,active,-109.7,Apparel
womens-elegant-two-piece-set-shiny-dress-with-lace-interior-long-sleeve-autumn-occasion-fashionable-female-clothing,Women's Elegant Two-Piece Set Shiny Dress with Lace Interior Long Sleeve Autumn Occasion Fashionable Female Clothing,THE SEAMARK GLOBAL INNOVATIONS,Unknown,,55.99,23.95,active,-133.8,Apparel
womens-clothing-2025-new-fashion-casual-halter-neck-solid-color-sleeveless-suit-wide-leg-pants-trousers-two-piece-suit,Women's Clothing 2025 New Fashion Casual Halter Neck Solid Color Sleeveless Suit Wide Leg Pants Trousers Two-piece Suit,THE SEAMARK GLOBAL INNOVATIONS,Unknown,,56.99,24.59,active,-131.8,Apparel
womens-clothing-2026-spring-new-fashion-temperament-sexy-slim-fit-versatile-high-waist-perspective-skirt-long-dress,Women's Clothing  Spring New Fashion Temperament Sexy Slim Fit Versatile High Waist Perspective Skirt Long Dress,THE SEAMARK GLOBAL INNOVATIONS,Unknown,,43.99,19.09,active,-130.4,Apparel
personalized-prints-contrasting-color-designs-womens-suits-short-sleeved-tops-and-pants-for-spring-and-summer-casual-sports-two-piece-outfits-for-women-suitable-for-daily-commuting-street-strolls-and-campus-outings-w,"Personalized Prints, Contrasting Color Designs, Women's Suits, Short-Sleeved Tops and Pants for Spring and Summer, Casual Sports Two-Piece Outfits for Women, Suitable for Daily Commuting, Street Strolls, and Campus Outings, W",THE SEAMARK GLOBAL INNOVATIONS,Unknown,,44.99,19.52,active,-130.5,Apparel
elegant-dresses-for-women-v-neck-flare-sleeve-high-waisted-pleated-a-line-mid-calf-luxury-birthday-party-dinner-vestidos-mujer-1,Elegant Dresses for Women V Neck Flare Sleeve High Waisted Pleated A Line Mid Calf Luxury Birthday Party Dinner Vestidos Mujer,THE SEAMARK GLOBAL INNOVATIONS,Unknown,,18.99,9.39,active,-102.2,Apparel
womens-clothing-2025-autumn-new-style-sweet-and-fresh-striped-v-neck-batsleeves-loose-large-size-dress-long-dress,Women's clothing 2025 autumn new style sweet and fresh striped V-neck batsleeves loose large-size dress long dress,THE SEAMARK GLOBAL INNOVATIONS,Unknown,,34.99,15.62,active,-124.0,Apparel
women-clothing-wholesale-summer-ladies-fashion-dresses-high-quality-stretch-sleeveless-dresses,Women Clothing Wholesale Summer Ladies Fashion Dresses High Quality Stretch Sleeveless Dresses,THE SEAMARK GLOBAL INNOVATIONS,Unknown,,95.99,40.19,active,-138.8,Apparel
winter-womens-clothing-sexy-backless-bodycon-dress-for-woman-elegant-evening-wear-stretch-polyester-high-slit-knotted-detail,Winter Women's Clothing Sexy Backless Bodycon Dress For Woman Elegant Evening Wear Stretch Polyester High Slit Knotted Detail,THE SEAMARK GLOBAL INNOVATIONS,Unknown,,36.99,16.36,active,-126.1,Apparel
womens-clothing-european-american-fashion-casual-sports-autumn-winter-solid-color-drawstring-long-sleeved-suit-pant-sets,Women's Clothing European American Fashion Casual Sports Autumn Winter Solid Color Drawstring Long-sleeved Suit Pant Sets,THE SEAMARK GLOBAL INNOVATIONS,Unknown,,54.99,23.69,active,-132.1,Apparel
womens-clothing-2026-spring-new-design-ruffle-edge-horn-sleeve-lace-up-top-versatile-shirt,Women's clothing  spring new design ruffle edge horn sleeve lace-up top versatile shirt,THE SEAMARK GLOBAL INNOVATIONS,Unknown,,41.99,18.63,active,-125.4,Apparel
womens-clothing-2025-spring-and-summer-new-sweet-and-fresh-v-neck-long-sleeved-irregular-hem-shirt-womens-top,Women's Clothing 2025 Spring And Summer New Sweet And Fresh V-neck Long Sleeved Irregular Hem Shirt Women's Top,THE SEAMARK GLOBAL INNOVATIONS,Unknown,,20.99,10.26,active,-104.6,Apparel
womens-clothing-autumn-christmas-printed-tight-hip-hugging-dress-long-sleeved-slimming-t-shirt-short-skirt,Women's Clothing Autumn Christmas Printed Tight Hip-hugging Dress Long-sleeved Slimming T-shirt Short Skirt,THE SEAMARK GLOBAL INNOVATIONS,Unknown,,38.99,17.46,active,-123.3,Apparel
woman-clothing-2026-summer-quality-casual-two-piece-set-women-t-shirts-o-neck-shorts-daily-short-sleeve-tracksuit-hot-sales-new,Woman Clothing  Summer Casual Two Piece Set Women T-Shirts O-Neck Shorts Daily Short Sleeve Tracksuit  New,THE SEAMARK GLOBAL INNOVATIONS,Unknown,,23.99,11.37,active,-111.0,Apparel
womens-clothing-2024-spring-summer-new-fashionable-printed-temperament-slim-fit-sexy-sleeveless-tight-fitting-dress,Women's Clothing 2024 Spring Summer New Fashionable Printed Temperament Slim Fit Sexy Sleeveless Tight Fitting Dress,THE SEAMARK GLOBAL INNOVATIONS,Unknown,,14.99,7.53,active,-99.1,Apparel
woman-clothes-tops-v-elegant-knit-cardigan-for-women-with-v-neck-tie-waist-and-flared-hem-autumn-and-winter-workwear-top,Woman Clothes Tops V Elegant Knit Cardigan For Women With V Neck Tie Waist And Flared Hem Autumn And Winter Workwear Top,THE SEAMARK GLOBAL INNOVATIONS,Unknown,,49.99,21.64,active,-131.0,Apparel
womens-clothing-autumn-new-style-elegant-and-fashionable-banquet-dress-grand-display-dress-african-party-bridesmaid-dress,"Women's clothing autumn new style elegant and fashionable banquet dress, grand display dress, African party bridesmaid dress",THE SEAMARK GLOBAL INNOVATIONS,Unknown,,33.99,15.18,active,-123.9,Apparel
elegant-dresses-for-women-v-neck-flare-sleeve-high-waisted-pleated-a-line-mid-calf-luxury-birthday-party-dinner-vestidos-mujer,Elegant Dresses for Women V Neck Flare Sleeve High Waisted Pleated A Line Mid Calf Luxury Birthday Party Dinner Vestidos Mujer,THE SEAMARK GLOBAL INNOVATIONS,Unknown,,23.99,11.21,active,-114.0,Apparel
womens-clothing-trend-2025-spring-long-sleeve-high-waist-evening-dresses-sexy-v-neck-floral-printed-boho-holiday-dress-vestidos,Women's Clothing Trend 2025 Spring Long Sleeve High Waist Evening Dresses Sexy V Neck Floral Printed Boho Holiday Dress Vestidos,THE SEAMARK GLOBAL INNOVATIONS,Unknown,,56.99,24.4,active,-133.6,Apparel
ladies-dress-autumn-women-hooded-dresses-hoodies-women-sweatshirts-women-hoodies-dress-tops-ladies-clothing,Ladies Dress Autumn Women Hooded Dresses Hoodies Women Sweatshirts Women Hoodies Dress Tops Ladies Clothing,THE SEAMARK GLOBAL INNOVATIONS,Unknown,,17.99,8.82,active,-104.0,Apparel
woman-clothing-versatile-sweatshirts-casual-hoodies-comfortable-pullovers-slim-fit-soft-striped-lazy-style-jogging-daily-womens,Woman Clothing Versatile Sweatshirts Casual Hoodies Comfortable Pullovers Slim Fit Soft Striped Lazy Style Jogging Daily Women's,THE SEAMARK GLOBAL INNOVATIONS,Unknown,,23.99,11.46,active,-109.3,Apparel
womens-clothing-european-and-american-fashion-with-belt-elastic-midi-dress,Women's clothing  fashion with belt elastic Midi dress,THE SEAMARK GLOBAL INNOVATIONS,Unknown,,25.99,12.21,active,-112.9,Apparel
women-suit-blazer-elegant-coat-2025-spring-autumn-fashion-korean-blazer-luxury-double-breasted-jacket-solid-ladies-tops-clothes,Women Suit Blazer Elegant Coat 2025 Spring Autumn Fashion Korean Blazer Luxury Double Breasted Jacket Solid Ladies Tops Clothes,THE SEAMARK GLOBAL INNOVATIONS,Unknown,,28.99,13.19,active,-119.8,Apparel
women-nightwear-home-clothes-sexy-black-floral-printing-nightdress-sleepwear-nightshirts-silk-sleepshirts-nightgowns-for-woman,Women Nightwear Home Clothes Sexy Black Floral Printing Nightdress Sleepwear Nightshirts Silk Sleepshirts Nightgowns For Woman,THE SEAMARK GLOBAL INNOVATIONS,Unknown,,11.99,6.6,active,-81.7,Apparel
maternity-clothes-for-pregnant-women-pregnancy-clothing-2025-autumn-winter-adjustable-waist-fashionable-loose-corduroy-overalls,Maternity Clothes for Pregnant Women Pregnancy Clothing 2025 Autumn Winter Adjustable Waist Fashionable Loose Corduroy Overalls,THE SEAMARK GLOBAL INNOVATIONS,Unknown,,40.99,18.05,active,-127.1,Apparel
elegant-dresses-for-woman-clothes-v-neck-bodycon-mini-dress-long-sleeve-double-button-high-slit-gown,Elegant Dresses for Woman Clothes V Neck Bodycon Mini Dress Long Sleeve Double Button High Slit Gown  ﻿,THE SEAMARK GLOBAL INNOVATIONS,Unknown,,13.99,7.46,active,-87.5,Apparel
fashion-women-knitted-clothes-set-femal-knitting-tops-skirts-woman-autumn-winter-knit-outfits-clothing,Fashion Women Knitted Clothes Set Femal Knitting Tops Skirts Woman Autumn Winter Knit Outfits Clothing,THE SEAMARK GLOBAL INNOVATIONS,Unknown,,20.99,10.12,active,-107.4,Apparel
women-clothes-cat-its-fine-im-fine-everything-is-fine-print-t-shirts-summer-casual-fashion-personalized-woman-clothing,Women Clothes Cat It's Fine I'm Fine Everything Is Fine Print T-shirts Summer Casual  Fashion Personalized Woman Clothing,THE SEAMARK GLOBAL INNOVATIONS,Unknown,,13.99,7.19,active,-94.6,Apparel
woman-work-clothes-suit-hotel-waiter-beauty-salon-spa-massage-nail-cafe-sexy-foot-bath-sauna-technician-overall-skirt-uniform,Woman Work Clothes Suit Hotel Waiter Beauty Salon Spa Massage Nail Cafe Sexy Foot Bath Sauna Technician Overall Skirt Uniform,THE SEAMARK GLOBAL INNOVATIONS,Unknown,,32.99,14.9,active,-121.4,Apparel
womens-clothing-new-autumn-winter-dress-solid-color-round-neck-swing-pocket-swing,Women's Clothing New Autumn Winter Dress Solid Color Round Neck Swing Pocket Swing,THE SEAMARK GLOBAL INNOVATIONS,Unknown,,36.99,16.57,active,-123.2,Apparel
women-clothes-shirts-for-women-t-shirts-y2k-tops-vintage-women-clothing-fashion-casual-elegant-summer-embroidery-ethnic-style,Women Clothes Shirts for Women T-shirts Y2k Tops Vintage Women Clothing Fashion Casual Elegant Summer Embroidery Ethnic Style,THE SEAMARK GLOBAL INNOVATIONS,Unknown,,35.99,16.16,active,-122.7,Apparel
dresses-for-women-2022-dress-summer-dresses-sexy-birthday-dress-for-women-clothes-summer-clothes-for-woman-2022,dresses for women 2022 dress summer dresses sexy birthday dress for women clothes summer clothes for woman 2022,THE SEAMARK GLOBAL INNOVATIONS,Unknown,,26.99,12.64,active,-113.5,Apparel
african-clothes-for-women-fashion-basin-embroidery-design-dresses-top-with-pants,African Clothes For Women Fashion  Basin Embroidery Design Dresses Top With Pants,THE SEAMARK GLOBAL INNOVATIONS,Unknown,,45.99,20.14,active,-128.4,Apparel
women-clothes-sexy-fashion-long-dress-ladies-elegant-slim-solid-dresses-office-lady-club-dress-party-clothing-bodycon-dress,Women Clothes Sexy Fashion Long Dress Ladies Elegant Slim Solid Dresses Office Lady Club Dress Party Clothing Bodycon Dress,THE SEAMARK GLOBAL INNOVATIONS,Unknown,,49.99,21.59,active,-131.5,Apparel
womans-clothes-long-dresses-2025-new-style-new-slit-bronzing-dress-long-skirt-evening-dress-sexy-outfits-women-female-clothing,Woman's Clothes Long Dresses 2025 New Style New Slit Bronzing Dress Long Skirt Evening Dress Sexy Outfits Women Female Clothing,THE SEAMARK GLOBAL INNOVATIONS,Unknown,,35.99,16.04,active,-124.4,Apparel
womens-clothing-early-autumn-white-blouses-new-french-high-end-shirts-luxury-design-white-shirts-tops-light-mature-style,Women's Clothing Early Autumn White Blouses New French High-end Shirts Luxury Design White Shirts Tops Light Mature Style,THE SEAMARK GLOBAL INNOVATIONS,Unknown,,33.99,15.22,active,-123.3,Apparel
modern-dance-clothes-women-v-neck-seamless-short-sleeve-t-shirt-elegant-stage-costume-basic-training-tops-casual-summer-blouse,Modern Dance Clothes Women  V-Neck Seamless Short Sleeve T-Shirt Elegant Stage Costume Basic Training Tops Casual Summer Blouse,THE SEAMARK GLOBAL INNOVATIONS,Unknown,,17.99,8.83,active,-103.7,Apparel
women-evening-dresses-sexy-elegant-red-cocktail-party-chic-gala-graduation-luxury-formal-occasion-bridesmaid-gown-dress-clothes-1,Women Evening Dresses Sexy Elegant Red Cocktail Party Chic Gala Graduation Luxury Formal Occasion Bridesmaid Gown Dress Clothes,THE SEAMARK GLOBAL INNOVATIONS,Unknown,,57.99,24.79,active,-133.9,Apparel
fashion-clothes-vintage-dress-for-women-clothing-streetwear-traditional-chinese-clothing-cheongsams-chinese-qipao-ethnic-style,Fashion Clothes Vintage Dress for Women Clothing Streetwear Traditional Chinese Clothing Cheongsams Chinese Qipao Ethnic Style,THE SEAMARK GLOBAL INNOVATIONS,Unknown,,21.99,10.41,active,-111.2,Apparel
women-white-dress-lace-up-sexy-midi-vestidos-ruffles-sleeveless-bodycon-female-dresses-2022-buttons-belt-elegant-ladies-clothes,Women White Dress Lace Up Sexy Midi Vestidos Ruffles Sleeveless Bodycon Female Dresses 2022 Buttons Belt Elegant Ladies Clothes,THE SEAMARK GLOBAL INNOVATIONS,Unknown,,36.99,16.47,active,-124.6,Apparel
womens-clothing-2025-autumn-winter-elegant-slim-fit-turtleneck-solid-color-sweater-dress,Women's Clothing 2025 Autumn/Winter Elegant Slim-Fit Turtleneck Solid Color Sweater Dress,THE SEAMARK GLOBAL INNOVATIONS,Unknown,,26.99,12.58,active,-114.5,Apparel
women-evening-dresses-sexy-elegant-red-cocktail-party-chic-gala-graduation-luxury-formal-occasion-bridesmaid-gown-dress-clothes,Women Evening Dresses Sexy Elegant Red Cocktail Party Chic Gala Graduation Luxury Formal Occasion Bridesmaid Gown Dress Clothes,THE SEAMARK GLOBAL INNOVATIONS,Unknown,,24.99,11.78,active,-112.1,Apparel
10-ml-scalp-massage-comb-liquid-serum-oil-brush-nourish-head-hair-growth-hair-regrowth-hair-roots-comb-anti-hair-articles-tools-1,10 Ml Scalp Massage Comb Liquid Serum Oil Brush Nourish Head Hair Growth Hair Regrowth Hair Roots Comb Anti Hair Articles Tools,THE SEAMARK GLOBAL INNOVATIONS,Unknown,,3.99,3.32,active,-20.2,Other
10-ml-scalp-massage-comb-liquid-serum-oil-brush-nourish-head-hair-growth-hair-regrowth-hair-roots-comb-anti-hair-articles-tools,10 Ml Scalp Massage Comb Liquid Serum Oil Brush Nourish Head Hair Growth Hair Regrowth Hair Roots Comb Anti Hair Articles Tools,THE SEAMARK GLOBAL INNOVATIONS,Unknown,,8.99,5.41,active,-66.2,Other
scalp-massager-hair-growth-scalp-scrubber-with-soft-silicone-bristles-for-hair-growth-dandruff-removal-hair-shampoo-brush-scalp,"Scalp Massager Hair Growth Scalp Scrubber with Soft Silicone Bristles for Hair Growth Dandruff Removal, Hair Shampoo Brush Scalp",THE SEAMARK GLOBAL INNOVATIONS,Unknown,,16.99,8.52,active,-99.4,Other
5ml-scalp-applicator-liquid-comb-for-hair-growth-serum-oil-nourish-mini-portable-hair-roots-massage-medicine-comb-hair,5ML Scalp Applicator Liquid Comb For Hair Growth Serum Oil Nourish Mini Portable Hair Roots Massage Medicine Comb Hair,THE SEAMARK GLOBAL INNOVATIONS,Unknown,,5.99,4.2,active,-42.6,Other
scalp-applicator-liquid-comb-mini-scalp-massage-brush-essential-oil-guiding-massager-hair-growth-oil-applicator-hair-care-tools,Scalp Applicator Liquid Comb Mini Scalp Massage Brush Essential Oil Guiding Massager Hair Growth Oil Applicator Hair Care Tools,THE SEAMARK GLOBAL INNOVATIONS,Unknown,,3.99,3.1,active,-28.7,Other
hair-essential-care-serum-strengthen-roots-reducing-loss-prevent-baldness-nourish-scalp-hair-care-anti-hair-loss-conditioner,Hair Essential Care Serum Strengthen Roots Reducing Loss Prevent Baldness Nourish Scalp Hair Care Anti-Hair Loss Conditioner,THE SEAMARK GLOBAL INNOVATIONS,Unknown,,18.99,9.4,active,-102.0,Other
electric-laser-hair-growth-comb-red-blue-light-magnetic-therapy-head-massage-brush-anti-hair-loss-hair-treatment-scalp-massager,Electric Laser Hair Growth Comb Red Blue Light Magnetic Therapy Head Massage Brush Anti Hair Loss  Hair Treatment Scalp Massager,THE SEAMARK GLOBAL INNOVATIONS,Unknown,,38.99,17.31,active,-125.2,Other
electric-spray-massage-comb-hair-growth-vibration-head-massager-brush-led-anti-hair-loss-scalp-liquid-medicine-atomizing-comb,Electric Spray Massage Comb Hair Growth Vibration Head Massager Brush LED Anti Hair Loss Scalp Liquid Medicine Atomizing Comb,THE SEAMARK GLOBAL INNOVATIONS,Unknown,,12.99,6.77,active,-91.9,Other
mini-scalp-applicator-comb-1-3-comb-head-massager-roller-ball-brush-for-hair-growth-essential-oil-liquid-medicine-massage,Mini Scalp Applicator Comb 1-3 Comb Head Massager Roller Ball Brush for Hair Growth Essential Oil Liquid Medicine Massage,THE SEAMARK GLOBAL INNOVATIONS,Unknown,,6.99,4.42,active,-58.1,Other
hair-serum-with-built-in-brush-hair-nourishing-strengthening-essence-improve-scalp-environment-scalp-massager-korean-hair-care,"Hair Serum With Built-In Brush,Hair Nourishing Strengthening Essence,Improve Scalp Environment,Scalp Massager,Korean Hair Care",THE SEAMARK GLOBAL INNOVATIONS,Unknown,,17.99,8.8,active,-104.4,Other
hair-growth-serum-anti-loss-regrowth-hair-growth-oil-prevent-baldness-repair-damage-scalp-massage-moisturizing-nourish-hair-care,Hair Growth Serum Anti Loss Regrowth Hair Growth Oil Prevent Baldness Repair Damage Scalp Massage Moisturizing Nourish Hair Care,THE SEAMARK GLOBAL INNOVATIONS,Unknown,,18.99,9.07,active,-109.4,Other
scalp-liquid-applicator-comb-for-hair-growth-serum-essential-oil-guiding-scalp-massage,Scalp Liquid Applicator Comb - For Hair Growth Serum/Essential Oil Guiding & Scalp Massage,THE SEAMARK GLOBAL INNOVATIONS,Unknown,,11.99,6.37,active,-88.2,Other
hair-growth-spray-ginger-massage-scalp-damaged-treatment-solution-nourish-roots-fast-grow-anti-hair-loss-serum-beauty-health,Hair Growth Spray Ginger Massage Scalp Damaged Treatment Solution Nourish Roots Fast Grow Anti Hair Loss Serum Beauty Health,THE SEAMARK GLOBAL INNOVATIONS,Unknown,,17.99,8.8,active,-104.4,Other
scalp-applicator-liquid-comb-portable-liquid-guiding-massager-comb-bottle-applicator-brush-for-hair-growth-serum-oil-apply,Scalp Applicator Liquid Comb Portable Liquid Guiding Massager Comb Bottle Applicator Brush for Hair Growth Serum Oil Apply,THE SEAMARK GLOBAL INNOVATIONS,Unknown,,7.99,4.91,active,-62.7,Other
scalp-massage-comb-liquid-serum-oil-brush-nourish-head-hair-growth-hair-regrowth-hair-roots-comb-anti-hair-articles-tools-1,Scalp Massage Comb Liquid Serum Oil Brush Nourish Head Hair Growth Hair Regrowth Hair Roots Comb Anti Hair Articles Tools,THE SEAMARK GLOBAL INNOVATIONS,Unknown,,2.99,2.93,active,-2.0,Other
scalp-massage-comb-liquid-serum-oil-brush-nourish-head-hair-growth-hair-regrowth-hair-roots-comb-anti-hair-articles-tools,Scalp Massage Comb Liquid Serum Oil Brush Nourish Head Hair Growth Hair Regrowth Hair Roots Comb Anti Hair Articles Tools,THE SEAMARK GLOBAL INNOVATIONS,Unknown,,3.99,3.36,active,-18.8,Other
mini-portable-scalp-applicator-liquid-comb-hair-roots-massage-medicine-comb-hair-for-hair-growth-serum-oil-nourish,Mini Portable Scalp Applicator Liquid Comb Hair Roots Massage Medicine Comb Hair For Hair Growth Serum Oil Nourish,THE SEAMARK GLOBAL INNOVATIONS,Unknown,,6.99,4.3,active,-62.6,Other
silicone-head-scalp-massage-comb-hair-washing-brush-soft-scalp-massager-for-hair-growth-shampoo-brush-shower-comb-hair-care,Silicone Head Scalp Massage Comb Hair Washing Brush Soft Scalp Massager for Hair Growth Shampoo Brush Shower Comb Hair Care,THE SEAMARK GLOBAL INNOVATIONS,Unknown,,4.99,3.55,active,-40.6,Health & Beauty
hair-care-serum-gently-nourishing-massages-the-scalp-moisturizes-and-smooths-hair-hair-care-spray,"Hair care serum, gently nourishing, massages the scalp, moisturizes and smooths hair, hair care spray",THE SEAMARK GLOBAL INNOVATIONS,Unknown,,7.99,4.93,active,-62.1,Other
hair-scalp-massager-for-hair-care-scalp-scrubber-shampoo-brush-exfoliator-for-all-hair-types-relaxing-exfoliating,Hair Scalp Massager for Hair Care Scalp Scrubber Shampoo Brush & Exfoliator for All Hair Types Relaxing & Exfoliating,THE SEAMARK GLOBAL INNOVATIONS,Unknown,,8.99,5.15,active,-74.6,Other
led-photon-therapy-facial-slimming-vibration-massager-facial-lifting-device-facial-heated-double-chin-v-face-vibration-massager,LED Photon Therapy Facial Slimming Vibration Massager Facial Lifting Device Facial Heated Double Chin V Face Vibration Massager,THE SEAMARK GLOBAL INNOVATIONS,Unknown,,20.99,9.89,active,-112.2,Photography
led-infrared-therapy-chin-strap-with-v-shaped-face-lift-led-photon-therapy-facial-slimming-pad-wearable-pain-relief-tool-strap,LED Infrared Therapy Chin Strap with V-shaped Face Lift LED Photon Therapy Facial Slimming Pad Wearable Pain Relief Tool Strap,THE SEAMARK GLOBAL INNOVATIONS,Unknown,,44.99,19.76,active,-127.7,Photography
led-beauty-light-red-blue-light-device-professional-facial-rejuvenation-lam-spa-skin-care,LED Beauty Light Red Blue Light Device Professional Facial Rejuvenation Lam Spa Skin Care,THE SEAMARK GLOBAL INNOVATIONS,Unknown,,20.99,9.87,active,-112.7,Other
led-light-mask-helmet-halloween-christmas-pv-darth-vader-mask-soldiers-luminous-masks,LED Light Mask Helmet Halloween Christmas PV Darth Vader Mask Soldiers Luminous Masks,THE SEAMARK GLOBAL INNOVATIONS,Unknown,,8.99,5.44,active,-65.3,Other
4-in-1-with-neck-led-light-therapy-infrared-flexible-soft-mask-silicone-4-color-led-therapy-anti-aging-advanced-photon-mask-new,4 in 1 with Neck Led Light Therapy Infrared Flexible Soft Mask Silicone 4 Color Led Therapy Anti Aging Advanced Photon Mask New,THE SEAMARK GLOBAL INNOVATIONS,Unknown,,83.99,35.26,active,-138.2,Photography
red-light-therapy-for-face-neck-7-color-led-facial-light-therapy-wand-portable-face-neck-massager-wand-for-skin-care,"Red Light Therapy for Face/Neck, 7 Color LED Facial Light Therapy Wand  Portable Face Neck Massager Wand for Skin Care",THE SEAMARK GLOBAL INNOVATIONS,Unknown,,31.99,14.28,active,-124.0,Other
led-red-panel-light-facial-anti-aging-skin-care-beauty-144-led-light-body-physiotherapy-tools-yoga-relaxation-lamp,LED red panel light facial anti-aging skin care beauty 144 LED light body physiotherapy tools yoga relaxation lamp,THE SEAMARK GLOBAL INNOVATIONS,Unknown,,75.99,32.21,active,-135.9,Fitness
red-light-therapy-eye-mask-rechargeable-anti-aging-wrinkle-reduction-treatment-eye-care-device-skin-rejuvenation-facial-beauty,Red Light Therapy Eye Mask Rechargeable Anti Aging Wrinkle Reduction Treatment Eye Care Device Skin Rejuvenation Facial Beauty,THE SEAMARK GLOBAL INNOVATIONS,Unknown,,69.99,29.8,active,-134.9,Other
smart-led-face-masks-programmable-bluetooth-app-control-change-face-diy-photoes-for-party-display-led-light-mask-for-halloween,Smart LED Face Masks Programmable Bluetooth APP Control Change Face DIY Photoes for Party Display LED Light Mask for Halloween,THE SEAMARK GLOBAL INNOVATIONS,Unknown,,85.99,35.89,active,-139.6,Photography
electric-heating-massage-red-light-therapy-face-mask-massage-for-facial-nerve-paralysis-rehabilitation-improve-blood-circulation,Electric Heating Massage Red Light Therapy Face Mask Massage for Facial Nerve Paralysis Rehabilitation Improve Blood Circulation,THE SEAMARK GLOBAL INNOVATIONS,Unknown,,30.99,14.23,active,-117.8,Other
led-mask-with-gesture-sensing-for-halloween-party-festival-performance-kids-luminous-mask-new-children-electronic-light-up-mask,LED Mask with Gesture Sensing for Halloween Party Festival Performance Kids Luminous Mask NEW Children Electronic Light up Mask,THE SEAMARK GLOBAL INNOVATIONS,Unknown,,59.99,25.5,active,-135.3,Other
led-red-light-therapy-panel-lamp-for-facial-anti-aging-skin-care-beauty-225-led-light-body-pain-relief-physical-therapy-tools-2,LED Red Light Therapy Panel Lamp for Facial Anti Aging Skin Care Beauty 225 LED Light Body Pain Relief Physical Therapy Tools,THE SEAMARK GLOBAL INNOVATIONS,Unknown,,60.99,26.16,active,-133.1,Other
electric-heated-facial-mask-red-light-therapy-facial-massager-relieves-facial-spasms-muscle-stiffness-jaw-ache-stress-relief,Electric Heated Facial Mask Red Light Therapy Facial Massager Relieves Facial Spasms Muscle Stiffness Jaw Ache Stress Relief,THE SEAMARK GLOBAL INNOVATIONS,Unknown,,52.99,22.83,active,-132.1,Other
led-dj-mask-headgear-lifelike-marshmello-mask-breathable-helmet-mask-carnival-festival-halloween-party-props-cosplay-costume,LED DJ Mask Headgear Lifelike Marshmello Mask Breathable Helmet Mask Carnival Festival Halloween Party Props Cosplay.Costume,THE SEAMARK GLOBAL INNOVATIONS,Unknown,,18.99,9.29,active,-104.4,Other
led-red-light-therapy-panel-lamp-for-facial-anti-aging-skin-care-beauty-225-led-light-body-pain-relief-physical-therapy-tools-1,LED Red Light Therapy Panel Lamp for Facial Anti Aging Skin Care Beauty 225 LED Light Body Pain Relief Physical Therapy Tools,THE SEAMARK GLOBAL INNOVATIONS,Unknown,,56.99,24.41,active,-133.5,Other
new-led-red-light-therapy-full-body-infrared-lamp-for-facial-light-treatment-anti-aging-beauty-devices-relieve-overall-skin-pain,NEW LED Red Light Therapy Full Body Infrared Lamp for Facial Light Treatment Anti Aging Beauty Devices Relieve overall skin pain,THE SEAMARK GLOBAL INNOVATIONS,Unknown,,136.99,56.57,active,-142.2,Other
led-red-light-therapy-panel-lamp-for-facial-anti-aging-skin-care-beauty-225-led-light-body-pain-relief-physical-therapy-tools,LED Red Light Therapy Panel Lamp for Facial Anti Aging Skin Care Beauty 225 LED Light Body Pain Relief Physical Therapy Tools,THE SEAMARK GLOBAL INNOVATIONS,Unknown,,57.99,25.0,active,-132.0,Other
7-colors-led-face-neck-mask-rechargeable-led-photon-beauty-mask-machine-facial-lifting-skin-care-tool,7 Colors LED Face Neck Mask Rechargeable LED Photon Beauty Mask Machine Facial Lifting Skin Care Tool,THE SEAMARK GLOBAL INNOVATIONS,Unknown,,46.99,20.32,active,-131.2,Photography
led-red-light-photon-therapy-face-mask-beauty-instrument-facial-spa-acne-wrinkle-removal-skin-rejuvenation-anti-age-device,LED Red Light Photon Therapy Face Mask Beauty Instrument Facial SPA Acne Wrinkle Removal Skin Rejuvenation Anti Age Device,THE SEAMARK GLOBAL INNOVATIONS,Unknown,,19.99,9.8,active,-104.0,Photography
led-red-light-therapy-panel-lamp-for-facial-anti-aging-skin-care-beauty-225pcs-led-light-body-pain-relief-physical-therapy,LED Red Light Therapy Panel Lamp for Facial Anti Aging Skin Care Beauty 225pcs LED Light Body Pain Relief Physical Therapy,THE SEAMARK GLOBAL INNOVATIONS,Unknown,,70.99,29.99,active,-136.7,Other
portable-handheld-insulated-water-bottle-24h-thermal-retention-stainless-steel-leakproof-vacuum-thermos-bottle,Portable Handheld Insulated Water Bottle 24H Thermal Retention Stainless Steel Leakproof Vacuum Thermos Bottle,THE SEAMARK GLOBAL INNOVATIONS,Unknown,,24.99,11.64,active,-114.7,Other
304-stainless-500ml-steel-vacuum-insulated-water-bottle-portable-coffee-bottle-office-gift-set-business-style-travel-thermal-mug,304 Stainless 500ml Steel Vacuum Insulated Water Bottle Portable Coffee Bottle Office Gift Set Business Style Travel Thermal Mug,THE SEAMARK GLOBAL INNOVATIONS,Unknown,,17.99,9.0,active,-99.9,Other
sports-water-bottle-with-time-tracking-straw-leak-proof-locking-flip-cover-for-easy-carry-ideal-for-outdoor-adventures,Sports Water Bottle with Time-Tracking Straw Leak Proof Locking Flip Cover for Easy Carry Ideal for Outdoor Adventures,THE SEAMARK GLOBAL INNOVATIONS,Unknown,,6.99,4.57,active,-53.0,Other
led-lights-rgb-strip-smart-music-sync-color-changing-strip-lights-remote-app-control-led-light-for-tv-backlight-room-home-party-1,LED Lights RGB Strip Smart Music Sync Color Changing Strip Lights Remote App Control LED Light for TV BackLight Room Home Party,THE SEAMARK GLOBAL INNOVATIONS,Unknown,,9.99,5.84,active,-71.1,Smart TV
customize-insulated-stainless-steel-water-bottle-with-straw-ideal-for-outdoor-leakproof-bpa-free-perfect-gift-for-men-wome,Customize Insulated Stainless Steel Water Bottle with Straw - Ideal for Outdoor Leakproof & BPA-Free Perfect Gift for Men & Wome,THE SEAMARK GLOBAL INNOVATIONS,Unknown,,21.99,10.29,active,-113.7,Other
led-strip-lights-with-44-key-remote-control-1m-5m-10m-20m-rgb-tape-led-wall-room-for-home-bedroom-party-decor-tv-backlight-1,Led Strip Lights with 44 Key Remote Control 1m 5m 10m 20m RGB Tape Led Wall Room for Home Bedroom Party Decor TV Backlight,THE SEAMARK GLOBAL INNOVATIONS,Unknown,,10.99,5.97,active,-84.1,Smart TV
smart-gaming-led-strip-lights-24-34-inch-computer-screen-backlight-usb-pc-led-backlight-for-gaming-room-atmosphere-decoration-1,Smart Gaming LED Strip Lights 24-34 Inch Computer Screen Backlight USB PC LED Backlight for Gaming Room Atmosphere Decoration,THE SEAMARK GLOBAL INNOVATIONS,Unknown,,17.99,8.95,active,-101.0,Electronics
rgb-led-strip-light-12v-smd5050-5m-10m-15m-20m-smart-bluetooth-flexible-tape-lamp-remote-control-christmas-holiday-decoration-1,RGB Led Strip Light 12V SMD5050 5M 10M 15M 20M Smart Bluetooth Flexible Tape Lamp Remote Control Christmas Holiday Decoration,THE SEAMARK GLOBAL INNOVATIONS,Unknown,,44.99,19.65,active,-129.0,Other
led-strip-lights-rgb-3535-5v-1m-30m-16-million-colors-rgb-led-strip-lighting-music-sync-color-changing-for-party-home-1,"LED Strip Lights RGB 3535 ,5V 1M-30M,16 million colors, RGB , Led Strip Lighting Music Sync, Color Changing for Party Home",THE SEAMARK GLOBAL INNOVATIONS,Unknown,,7.99,4.74,active,-68.6,Other
12v-led-strip-smd-2835-1m-2m-3m-4m-5m-led-stripe-tape-light-120led-m-240led-m-warm-white-flexible-strip-ribbon-home-decor-light-1,12V LED Strip SMD 2835 1M 2M 3M 4M 5M LED Stripe Tape Light 120LED/M 240LED/M Warm White Flexible Strip Ribbon Home Decor Light,THE SEAMARK GLOBAL INNOVATIONS,Unknown,,10.99,6.06,active,-81.4,Other
smart-rgb-led-strip-light-20m-fairy-string-lights-w-app-control-music-sync-12-modes-usb-powered-for-xmas-home-decor-1,Smart RGB LED Strip Light 20M Fairy String Lights W/ APP Control Music Sync 12 Modes USB Powered for Xmas Home Decor,THE SEAMARK GLOBAL INNOVATIONS,Unknown,,17.99,9.02,active,-99.4,Other
smart-led-strip-lights-with-remote-control-with-remote-rgb-light-bar-lamp-sync-with-music-atmosphere-decoration-desktop-for-room-2,Smart Led Strip Lights With Remote Control With-remote Rgb Light Bar Lamp Sync With-music Atmosphere Decoration Desktop For-room,THE SEAMARK GLOBAL INNOVATIONS,Unknown,,16.99,8.56,active,-98.5,Apparel
smart-usb-led-strip-rgbic-color-changing-computer-screen-color-sync-back-light-monitor-ambient-decor-windows-software-control-1,Smart USB LED Strip RGBIC Color Changing Computer Screen Color Sync Back Light Monitor Ambient Decor Windows Software Control,THE SEAMARK GLOBAL INNOVATIONS,Unknown,,31.99,14.37,active,-122.6,Electronics
led-car-music-light-strip-48leds-usb-smart-bluetooth-app-control-waterproof-multi-color-rgb-car-interior-atmosphere-light-strip-1,LED Car Music Light Strip 48LEDs USB Smart Bluetooth APP Control Waterproof Multi-color RGB Car Interior Atmosphere Light Strip,THE SEAMARK GLOBAL INNOVATIONS,Unknown,,13.99,7.35,active,-90.3,Other
smart-led-lights-strip-tv-smart-bedroom-lighting-bluetooth-usb-led-strip-rgb-5v-adhesive-led-tape-5050-wall-room-decoration-1,Smart Led Lights Strip TV Smart Bedroom Lighting Bluetooth Usb Led Strip Rgb 5V Adhesive Led Tape 5050 Wall Room Decoration,THE SEAMARK GLOBAL INNOVATIONS,Unknown,,10.99,6.21,active,-77.0,Smart TV
led-lights-for-room-music-sync-rgb-led-strip-lights-10m-20m-30m-flexible-ribbon-for-room-bedroom-decor-tv-backlights-1,Led Lights for Room Music Sync RGB Led Strip Lights 10m 20m 30m Flexible Ribbon for Room Bedroom Decor TV Backlights,THE SEAMARK GLOBAL INNOVATIONS,Unknown,,19.99,9.62,active,-107.8,Smart TV
smart-led-gaming-strip-light-computer-monitor-backlight-sync-strip-light-rgb-light-bar-screen-usb-gaming-bedroom-decor-lamp-1,Smart LED Gaming Strip Light Computer Monitor Backlight Sync Strip Light RGB Light Bar Screen USB Gaming Bedroom Decor Lamp,THE SEAMARK GLOBAL INNOVATIONS,Unknown,,51.99,22.6,active,-130.0,Electronics
smart-led-strip-lights-with-adhesive-backing-rgb-16-million-colors-strip-lamp-with-app-remote-adjustable-brightness-music-sync-1,Smart LED Strip Lights with Adhesive Backing，RGB 16 Million Colors Strip Lamp with App/Remote，Adjustable Brightness，Music Sync,THE SEAMARK GLOBAL INNOVATIONS,Unknown,,16.99,8.44,active,-101.3,Other
smart-led-strip-lights-1m-20m-music-sync-rgb-5v-with-app-remote-control-for-christmas-party-room-decoration-lighting-1,Smart LED Strip Lights 1m-20m Music Sync RGB 5V with App & Remote Control for Christmas Party Room Decoration Lighting,THE SEAMARK GLOBAL INNOVATIONS,Unknown,,7.99,5.02,active,-59.2,Other
smart-led-strip-light-supports-app-and-remote-control-features-rgb-color-changing-can-sync-with-music-for-rooms-parties-decora-1,Smart LED Strip Light Supports App and Remote Control Features RGB Color-changing Can Sync with Music for Rooms Parties Decora,THE SEAMARK GLOBAL INNOVATIONS,Unknown,,8.99,5.11,active,-75.9,Other
smart-led-gaming-strip-light-computer-monitor-backlight-sync-strip-light-rgb-light-bar-screen-usb-gaming-bedroom-decor-lamp,Smart LED Gaming Strip Light Computer Monitor Backlight Sync Strip Light RGB Light Bar Screen USB Gaming Bedroom Decor Lamp,THE SEAMARK GLOBAL INNOVATIONS,Unknown,,51.99,22.59,active,-130.1,Electronics
led-lights-for-room-music-sync-rgb-led-strip-lights-10m-20m-30m-flexible-ribbon-for-room-bedroom-decor-tv-backlights,Led Lights for Room Music Sync RGB Led Strip Lights 10m 20m 30m Flexible Ribbon for Room Bedroom Decor TV Backlights,THE SEAMARK GLOBAL INNOVATIONS,Unknown,,19.99,9.62,active,-107.8,Smart TV
smart-led-strip-lights-with-remote-control-with-remote-rgb-light-bar-lamp-sync-with-music-atmosphere-decoration-desktop-for-room-1,Smart Led Strip Lights With Remote Control With-remote Rgb Light Bar Lamp Sync With-music Atmosphere Decoration Desktop For-room,THE SEAMARK GLOBAL INNOVATIONS,Unknown,,13.99,7.08,active,-97.6,Apparel
5-40m-smart-rgb-led-strip-lights-with-music-sync-app-remote-control-16-million-colors-dc24v-durable-led-lights-for-room-deco,5-40M Smart RGB LED Strip Lights with Music Sync App & Remote Control - 16 Million Colors DC24V Durable LED Lights for Room Deco,THE SEAMARK GLOBAL INNOVATIONS,Unknown,,16.99,8.29,active,-104.9,Other
led-lights-strip-smart-tv-led-backlight-usb-rgb-5v-luces-led-neon-lighting-app-control-rhythmic-sync-room-gaming-ambilight-lamp,LED Lights Strip Smart TV Led Backlight USB RGB 5V Luces LED Neon Lighting App Control Rhythmic Sync Room Gaming Ambilight Lamp,THE SEAMARK GLOBAL INNOVATIONS,Unknown,,47.99,20.75,active,-131.3,Smart TV
led-car-music-light-strip-48leds-usb-smart-bluetooth-app-control-waterproof-multi-color-rgb-car-interior-atmosphere-light-strip,LED Car Music Light Strip 48LEDs USB Smart Bluetooth APP Control Waterproof Multi-color RGB Car Interior Atmosphere Light Strip,THE SEAMARK GLOBAL INNOVATIONS,Unknown,,13.99,7.35,active,-90.3,Other
smart-rgbic-led-strip-light-bluetooth-usb-20m-waterproof-string-light-room-outdoor-garden-fairy-lights-diy-decoration,"Smart RGBIC LED Strip Light, Bluetooth, USB, 20m, Waterproof, String Light, Room, Outdoor, Garden, Fairy Lights, DIY Decoration",THE SEAMARK GLOBAL INNOVATIONS,Unknown,,25.99,12.19,active,-113.2,Other
led-strip-lights-with-44-key-remote-control-1m-5m-10m-20m-rgb-tape-led-wall-room-for-home-bedroom-party-decor-tv-backlight,Led Strip Lights with 44 Key Remote Control 1m 5m 10m 20m RGB Tape Led Wall Room for Home Bedroom Party Decor TV Backlight,THE SEAMARK GLOBAL INNOVATIONS,Unknown,,10.99,5.97,active,-84.1,Smart TV
smart-gaming-led-strip-lights-24-34-inch-computer-screen-backlight-usb-pc-led-backlight-for-gaming-room-atmosphere-decoration,Smart Gaming LED Strip Lights 24-34 Inch Computer Screen Backlight USB PC LED Backlight for Gaming Room Atmosphere Decoration,THE SEAMARK GLOBAL INNOVATIONS,Unknown,,17.99,8.95,active,-101.0,Electronics
rgb-led-strip-light-12v-smd5050-5m-10m-15m-20m-smart-bluetooth-flexible-tape-lamp-remote-control-christmas-holiday-decoration,RGB Led Strip Light 12V SMD5050 5M 10M 15M 20M Smart Bluetooth Flexible Tape Lamp Remote Control Christmas Holiday Decoration,THE SEAMARK GLOBAL INNOVATIONS,Unknown,,44.99,19.64,active,-129.1,Other
12v-led-strip-smd-2835-1m-2m-3m-4m-5m-led-stripe-tape-light-120led-m-240led-m-warm-white-flexible-strip-ribbon-home-decor-light,12V LED Strip SMD 2835 1M 2M 3M 4M 5M LED Stripe Tape Light 120LED/M 240LED/M Warm White Flexible Strip Ribbon Home Decor Light,THE SEAMARK GLOBAL INNOVATIONS,Unknown,,10.99,6.06,active,-81.4,Other
smart-rgb-led-strip-light-20m-fairy-string-lights-w-app-control-music-sync-12-modes-usb-powered-for-xmas-home-decor,Smart RGB LED Strip Light 20M Fairy String Lights W/ APP Control Music Sync 12 Modes USB Powered for Xmas Home Decor,THE SEAMARK GLOBAL INNOVATIONS,Unknown,,17.99,9.02,active,-99.4,Other
smart-led-strip-lights-with-remote-control-with-remote-rgb-light-bar-lamp-sync-with-music-atmosphere-decoration-desktop-for-room,Smart Led Strip Lights With Remote Control With-remote Rgb Light Bar Lamp Sync With-music Atmosphere Decoration Desktop For-room,THE SEAMARK GLOBAL INNOVATIONS,Unknown,,16.99,8.56,active,-98.5,Apparel
smart-usb-led-strip-rgbic-color-changing-computer-screen-color-sync-back-light-monitor-ambient-decor-windows-software-control,Smart USB LED Strip RGBIC Color Changing Computer Screen Color Sync Back Light Monitor Ambient Decor Windows Software Control,THE SEAMARK GLOBAL INNOVATIONS,Unknown,,31.99,14.36,active,-122.8,Electronics
led-lights-rgb-strip-smart-music-sync-color-changing-strip-lights-remote-app-control-led-light-for-tv-backlight-room-home-party,LED Lights RGB Strip Smart Music Sync Color Changing Strip Lights Remote App Control LED Light for TV BackLight Room Home Party,THE SEAMARK GLOBAL INNOVATIONS,Unknown,,9.99,5.84,active,-71.1,Smart TV
smart-led-lights-strip-tv-smart-bedroom-lighting-bluetooth-usb-led-strip-rgb-5v-adhesive-led-tape-5050-wall-room-decoration,Smart Led Lights Strip TV Smart Bedroom Lighting Bluetooth Usb Led Strip Rgb 5V Adhesive Led Tape 5050 Wall Room Decoration,THE SEAMARK GLOBAL INNOVATIONS,Unknown,,10.99,6.21,active,-77.0,Smart TV
smart-led-strip-lights-with-adhesive-backing-rgb-16-million-colors-strip-lamp-with-app-remote-adjustable-brightness-music-sync,Smart LED Strip Lights with Adhesive Backing，RGB 16 Million Colors Strip Lamp with App/Remote，Adjustable Brightness，Music Sync,THE SEAMARK GLOBAL INNOVATIONS,Unknown,,16.99,8.43,active,-101.5,Other
led-strip-lights-rgb-3535-5v-1m-30m-16-million-colors-rgb-led-strip-lighting-music-sync-color-changing-for-party-home,"LED Strip Lights RGB 3535 ,5V 1M-30M,16 million colors, RGB , Led Strip Lighting Music Sync, Color Changing for Party Home",THE SEAMARK GLOBAL INNOVATIONS,Unknown,,7.99,4.74,active,-68.6,Other
smart-led-strip-lights-1m-20m-music-sync-rgb-5v-with-app-remote-control-for-christmas-party-room-decoration-lighting,Smart LED Strip Lights 1m-20m Music Sync RGB 5V with App & Remote Control for Christmas Party Room Decoration Lighting,THE SEAMARK GLOBAL INNOVATIONS,Unknown,,7.99,5.02,active,-59.2,Other
smart-led-strip-light-supports-app-and-remote-control-features-rgb-color-changing-can-sync-with-music-for-rooms-parties-decora,Smart LED Strip Light Supports App and Remote Control Features RGB Color-changing Can Sync with Music for Rooms Parties Decora,THE SEAMARK GLOBAL INNOVATIONS,Unknown,,8.99,5.11,active,-75.9,Other
12v-portable-car-vacuum-cleaner-handheld-wet-dry-powerful-suction-auto-cleaning-cordless-rechargeable-for-vehicle-detailing,12V Portable Car Vacuum Cleaner Handheld Wet Dry Powerful Suction Auto Cleaning Cordless Rechargeable for Vehicle Detailing,THE SEAMARK GLOBAL INNOVATIONS,Unknown,,53.99,23.2,active,-132.7,Other
cordless-handheld-vacuum-cleaner-3500pa-high-power-car-vacuum-portable-mini-vacuum-with-advanced-brushless-motor-3-nozzle,"Cordless Handheld Vacuum Cleaner 3500Pa High Power Car Vacuum Portable Mini Vacuum With Advanced Brushless Motor,3 Nozzle",THE SEAMARK GLOBAL INNOVATIONS,Unknown,,15.99,8.22,active,-94.5,Other
cordless-handheld-home-car-vacuum-cleaner-2-in-1-blowing-and-suction-usb-rechargeable-small-and-portable-with-washable-filter,Cordless Handheld Home & Car Vacuum Cleaner 2-in-1 Blowing and Suction USB Rechargeable Small and Portable with Washable Filter,THE SEAMARK GLOBAL INNOVATIONS,Unknown,,11.99,6.52,active,-83.9,Health & Beauty
car-cordless-vacuum-cleaner-portable-large-suction-household-cleaning-equipment-handheld-dust-collector-small-mini-dust-blower,Car Cordless Vacuum Cleaner Portable Large Suction Household Cleaning Equipment Handheld Dust Collector Small Mini Dust Blower,THE SEAMARK GLOBAL INNOVATIONS,Unknown,,11.99,6.49,active,-84.7,Other
cordless-usb-rechargeable-cordless-charging-with-3-accessories-car-home-pet-handheld-vacuum-cleaner,"Cordless USB rechargeable, cordless charging, with 3 accessories, car/home/pet handheld vacuum cleaner",THE SEAMARK GLOBAL INNOVATIONS,Unknown,,14.99,7.83,active,-91.4,Other
car-vacuum-cleaner-cordless-usb-charging-strong-suction-portable-powerful-mini-air-cleaner-for-household-appliances,"Car vacuum cleaner, cordless, usb charging, strong suction, portable, powerful mini air cleaner for household appliances",THE SEAMARK GLOBAL INNOVATIONS,Unknown,,18.99,9.38,active,-102.5,Other
handheld-car-vacuum-cleaner-15000pa-portable-cordless-dual-use-of-blowing-and-suctionmulti-nozzles-for-car-home-pet-office,"Handheld Car Vacuum Cleaner, 15000PA Portable Cordless, Dual use of blowing and suctionMulti-Nozzles, for Car, Home, Pet, Office",THE SEAMARK GLOBAL INNOVATIONS,Unknown,,12.99,6.82,active,-90.5,Other
cordless-car-vacuum-cleaner-handheld-high-power-wet-dry-portable-vacuum-blower-with-one-key-dust-emptying-for-car-home-cleaning,"Cordless Car Vacuum Cleaner Handheld, High Power Wet Dry Portable Vacuum Blower with One-Key Dust Emptying for Car Home Cleaning",THE SEAMARK GLOBAL INNOVATIONS,Unknown,,79.99,33.77,active,-136.9,Other
wireless-handheld-vacuum-cleaner-cordless-handheld-vacuum-chargeable-auto-vacuum-for-home-car-pet-mini-vacuum-cleaner,Wireless Handheld Vacuum Cleaner Cordless Handheld Vacuum Chargeable Auto Vacuum for Home & Car & Pet Mini Vacuum Cleaner,THE SEAMARK GLOBAL INNOVATIONS,Unknown,,39.99,17.66,active,-126.4,Other
wireless-handheld-vacuum-cleaner-cordless-handheld-chargeable-auto-vacuum-for-home-car-pet-mini-vacuum-cleaner-50000pa,Wireless Handheld Vacuum Cleaner Cordless Handheld Chargeable Auto Vacuum for Home & Car & Pet Mini Vacuum Cleaner 50000Pa,THE SEAMARK GLOBAL INNOVATIONS,Unknown,,30.99,13.91,active,-122.8,Other
air-purifiers-small-portable-hepa-filter-air-purifier-home-remove-smoke-odor-formaldehy-for-car-bedroom-small-air-purifier-1,Air Purifiers Small Portable Hepa Filter Air Purifier Home Remove Smoke Odor Formaldehy for Car Bedroom Small Air Purifier,THE SEAMARK GLOBAL INNOVATIONS,Unknown,,32.99,15.0,active,-119.9,Health & Beauty
portable-electric-handheld-blender-rechargeable-travel-fruit-juicer-cup-mini-mixer-for-smoothies-milkshakes,Portable Electric Handheld Blender Rechargeable Travel Fruit Juicer Cup Mini Mixer for Smoothies Milkshakes,THE SEAMARK GLOBAL INNOVATIONS,Unknown,,20.99,10.05,active,-108.9,Kitchen Appliances
handheld-juicer-portable-blender-usb-charging-juice-maker-suitable-for-making-smoothies-milkshakes-and-fruit-juices,"Handheld juicer, portable blender, USB charging juice maker, suitable for making smoothies, milkshakes, and fruit juices",THE SEAMARK GLOBAL INNOVATIONS,Unknown,,27.99,12.94,active,-116.3,Kitchen Appliances
portable-blender-cup-electric-usb-juicer-blender-mini-blender-portable-blender-for-milkshakes-and-smoothies,"Portable Blender Cup, Electric USB Juicer Blender, Mini Blender, Portable Blender for Milkshakes and Smoothies",THE SEAMARK GLOBAL INNOVATIONS,Unknown,,30.99,14.18,active,-118.5,Kitchen Appliances
portable-blender-electric-fruit-blender-durable-smoothies-and-milkshakes-maker-rechargeable-for-outdoors-camping-traveling,Portable Blender Electric Fruit Blender Durable Smoothies and Milkshakes Maker Rechargeable for Outdoors Camping Traveling,THE SEAMARK GLOBAL INNOVATIONS,Unknown,,33.99,15.34,active,-121.6,Kitchen Appliances
6-color-400ml-portable-usb-blender-electric-travel-juicer-cup-for-smoothie-milkshake-kitchen-mini-mixer-tool,6 Color 400ml Portable USB Blender Electric Travel Juicer Cup For Smoothie Milkshake Kitchen Mini Mixer Tool,THE SEAMARK GLOBAL INNOVATIONS,Unknown,,16.99,8.47,active,-100.6,Kitchen Appliances
portable-blender-electric-juicer-600ml-fruit-mixers-4000mah-usb-rechargeable-smoothie-mini-blender-multifunction-juice-maker,Portable Blender Electric Juicer 600ML Fruit Mixers 4000mAh USB Rechargeable Smoothie Mini Blender Multifunction Juice Maker,THE SEAMARK GLOBAL INNOVATIONS,Unknown,,27.99,12.92,active,-116.6,Kitchen Appliances
portable-blender-bottle-electric-6-blades-multifunction-juice-blender-fresh-juice-smoothie-blender-ice-crushcup-food-processor,Portable Blender Bottle Electric 6 Blades Multifunction Juice Blender Fresh Juice Smoothie Blender Ice CrushCup Food Processor,THE SEAMARK GLOBAL INNOVATIONS,Unknown,,19.99,9.6,active,-108.2,Kitchen Appliances
blender-kitchen-chopper-portable-stationary-blender-for-smoothies-mixer-machine-electric-juicer-food-processor-multifunctional,Blender Kitchen Chopper Portable Stationary Blender For Smoothies Mixer Machine Electric Juicer Food Processor Multifunctional,THE SEAMARK GLOBAL INNOVATIONS,Unknown,,64.99,27.72,active,-134.5,Kitchen Appliances
new-portable-juice-maker-blender-for-shakes-smoothies-700ml-multiple-colors-12-blades-fast-mixing-2-in-1-blender-bottle-juicer-1,New Portable Juice Maker Blender for Shakes Smoothies 700ML Multiple Colors 12-Blades Fast Mixing 2 In 1 Blender Bottle Juicer,THE SEAMARK GLOBAL INNOVATIONS,Unknown,,44.99,19.81,active,-127.1,Kitchen Appliances
commercial-slushy-maker-machine-portable-3-bowl-blender-smoothie-maker-with-rotating-tank-for-juice-beverage-shop-business,Commercial Slushy Maker Machine Portable 3 Bowl Blender Smoothie Maker with Rotating Tank for Juice Beverage Shop Business,THE SEAMARK GLOBAL INNOVATIONS,Unknown,,2716.99,1088.51,active,-149.6,Kitchen Appliances
portable-milkshake-and-smoothie-blender-10-blades-powerful-juice-jug-with-usb-rechargeable-for-home-office-sports-outdoor,"Portable Milkshake and Smoothie Blender 10 Blades Powerful Juice Jug with USB Rechargeable for Home, Office, Sports, Outdoor.",THE SEAMARK GLOBAL INNOVATIONS,Unknown,,14.99,7.45,active,-101.2,Kitchen Appliances
portable-juicer-handheld-blender-usb-charging-juice-maker-suitable-for-making-smoothies-milkshakes-and-fruit-juices-1,"Portable juicer, handheld blender, USB charging juice maker, suitable for making smoothies, milkshakes, and fruit juices",THE SEAMARK GLOBAL INNOVATIONS,Unknown,,37.99,16.78,active,-126.4,Kitchen Appliances
new-portable-juice-maker-blender-for-shakes-smoothies-700ml-multiple-colors-12-blades-fast-mixing-2-in-1-blender-bottle-juicer,New Portable Juice Maker Blender for Shakes Smoothies 700ML Multiple Colors 12-Blades Fast Mixing 2 In 1 Blender Bottle Juicer,THE SEAMARK GLOBAL INNOVATIONS,Unknown,,39.99,17.71,active,-125.8,Kitchen Appliances
portable-blender-personal-blender-for-milkshakes-and-smoothies-rechargeable-and-self-cleaning,"Portable blender, personal blender for milkshakes and smoothies, rechargeable and self-cleaning",THE SEAMARK GLOBAL INNOVATIONS,Unknown,,41.99,18.45,active,-127.6,Kitchen Appliances
portable-blender-with-20oz-cup-usb-c-rechargeable-self-cleaning-cordless-for-smoothies-gym-office,"Portable blender with 20oz cup, USB-C rechargeable, self-cleaning, cordless for smoothies, gym, office.",THE SEAMARK GLOBAL INNOVATIONS,Unknown,,36.99,16.41,active,-125.4,Kitchen Appliances
b89b-portable-blender-cordless-usb-rechargeable-mini-smoothie-maker-multi-functional-fruit-blender-for-home-office-travel-usage,"B89B-Portable Blender, Cordless USB Rechargeable Mini Smoothie Maker Multi-Functional Fruit Blender For Home Office Travel Usage",THE SEAMARK GLOBAL INNOVATIONS,Unknown,,68.99,29.17,active,-136.5,Kitchen Appliances
portable-blender-portable-cordless-juicer-fruit-juicers-for-smoothies-bottle-420ml-smoothie-blenders-a09g,"Portable Blender, Portable Cordless Juicer Fruit Juicers for Smoothies Bottle, 420ml Smoothie Blenders-A09G",THE SEAMARK GLOBAL INNOVATIONS,Unknown,,23.99,11.15,active,-115.2,Kitchen Appliances
portable-juicer-handheld-blender-usb-charging-juice-maker-suitable-for-making-smoothies-milkshakes-and-fruit-juices,"Portable juicer, handheld blender, USB charging juice maker, suitable for making smoothies, milkshakes, and fruit juices",THE SEAMARK GLOBAL INNOVATIONS,Unknown,,23.99,11.08,active,-116.5,Kitchen Appliances
portable-juicer-multifunctional-blender-usb-charging-juice-maker-suitable-for-making-smoothies-milkshakes-and-fruit-juices,"Portable juicer, multifunctional blender, USB charging juice maker, suitable for making smoothies, milkshakes, and fruit juices",THE SEAMARK GLOBAL INNOVATIONS,Unknown,,34.99,15.48,active,-126.0,Kitchen Appliances
air-purifier-hepa-filter-negative-ion-automatic-formaldehyde-pm2-5-air-eliminator-round-car-interior-accessories,Air Purifier HEPA Filter Negative Ion Automatic Formaldehyde PM2.5 Air Eliminator Round Car Interior Accessories,THE SEAMARK GLOBAL INNOVATIONS,Unknown,,58.99,25.1,active,-135.0,Health & Beauty
air-purifier-for-home-household-air-purifier-cleaner-with-aromatherapy-ions-generator-odor-eliminator-hepa-smoke-air-freshener,Air Purifier for Home Household Air Purifier Cleaner with Aromatherapy Ions Generator Odor Eliminator HEPA Smoke Air Freshener,THE SEAMARK GLOBAL INNOVATIONS,Unknown,,121.99,50.62,active,-141.0,Other
air-purifier-smoke-odor-negative-ion-generator-with-aromatherapy-air-cleaner-for-household-hepa-filter-efficient-purifying-air,Air Purifier Smoke Odor Negative Ion Generator with Aromatherapy Air Cleaner for Household HEPA Filter Efficient Purifying Air,THE SEAMARK GLOBAL INNOVATIONS,Unknown,,92.99,38.8,active,-139.7,Health & Beauty
desktop-air-purifier-with-hepa-filter-portable-air-cleaner-odor-remover-air-freshener-for-car-bedroom-office-mini-air-purifier,Desktop Air Purifier With HEPA Filter Portable Air Cleaner Odor Remover Air Freshener for Car Bedroom Office Mini Air Purifier,THE SEAMARK GLOBAL INNOVATIONS,Unknown,,24.99,11.5,active,-117.3,Apparel
air-purifiers-small-portable-hepa-filter-air-purifier-home-remove-smoke-odor-formaldehy-for-car-bedroom-small-air-purifier,Air Purifiers Small Portable Hepa Filter Air Purifier Home Remove Smoke Odor Formaldehy for Car Bedroom Small Air Purifier,THE SEAMARK GLOBAL INNOVATIONS,Unknown,,32.99,15.0,active,-119.9,Health & Beauty
air-purifier-for-home-allergies-pets-hair-in-bedroom-h13-true-hepa-filter-25db-filtration-system-cleaner-odor-eliminators-white,"Air Purifier for Home Allergies Pets Hair in Bedroom H13 True HEPA Filter 25dB Filtration System Cleaner Odor Eliminators, White",THE SEAMARK GLOBAL INNOVATIONS,Unknown,,120.99,50.09,active,-141.5,Health & Beauty
air-purifier-with-h13-hepa-activated-carbon-filter-dual-purification-for-20-rooms-blue-light-for-pet-allergy-relief-air-clean,Air Purifier With H13 HEPA + Activated Carbon Filter Dual Purification for 20㎡ Rooms Blue Light for Pet Allergy Relief Air Clean,THE SEAMARK GLOBAL INNOVATIONS,Unknown,,34.99,15.63,active,-123.9,Health & Beauty
activated-carbon-filter-air-purifier-filter-indoor-air-purification-hassle-free-installation-hepa-air-purifier-filter,Activated Carbon Filter Air Purifier Filter Indoor Air Purification Hassle-free Installation HEPA Air Purifier Filter,THE SEAMARK GLOBAL INNOVATIONS,Unknown,,29.99,13.66,active,-119.5,Health & Beauty
2pcs-hepa-replacement-filter-activated-carbon-filters-for-air-purifier-to-remove-airborn-contaminants-and-odors,2Pcs HEPA Replacement Filter Activated Carbon Filters for Air Purifier to Remove Airborn Contaminants and Odors,THE SEAMARK GLOBAL INNOVATIONS,Unknown,,7.99,4.67,active,-71.1,Health & Beauty
pm2-5-mi-hepa-filter-pro-h-activated-carbon-filter-pro-h-for-mi-air-purifier-pro-h-mi-h13-pro-h-filter,PM2.5 Mi Hepa Filter Pro H Activated Carbon Filter Pro H for Mi Air Purifier Pro H Mi H13 Pro H Filter,THE SEAMARK GLOBAL INNOVATIONS,Unknown,,163.99,67.41,active,-143.3,Health & Beauty
plug-in-air-purifier-ionizer-hepa-filter-mini-portable-air-purifier-for-home-more-suitable-for-bedrooms-toilets,"Plug-in Air Purifier Ionizer HEPA Filter, Mini Portable Air Purifier for Home More Suitable for Bedrooms Toilets",THE SEAMARK GLOBAL INNOVATIONS,Unknown,,17.99,8.66,active,-107.7,Health & Beauty
portable-car-air-purifier-hepa-filter-formaldehyde-smoke-remover-deodorizer-negative-ion-360-degree-air-cleaning-quiet-type-c,Portable Car Air Purifier HEPA Filter Formaldehyde Smoke Remover Deodorizer Negative Ion 360 Degree Air Cleaning Quiet Type-C,THE SEAMARK GLOBAL INNOVATIONS,Unknown,,32.99,14.76,active,-123.5,Health & Beauty
air-purifier-h13-hepa-filter-545-298-19mm-for-3m-filtrete-fap03-filter-pm2-5-odor-air-cleaner,Air Purifier H13 Hepa Filter 545*298*19mm for 3M Filtrete FAP03 Filter PM2.5 Odor Air Cleaner,THE SEAMARK GLOBAL INNOVATIONS,Unknown,,69.99,29.51,active,-137.2,Health & Beauty
user-friendly-portable-hepa-filtered-air-cleaner-featuring-quiet-operations-for-bedrooms-or-small-living-spaces,User Friendly Portable HEPA Air Purifier - Quiet Operation for Bedrooms & Small Spaces,THE SEAMARK GLOBAL INNOVATIONS,Unknown,,98.99,41.16,active,-140.5,Other
air-purifier-for-large-family-rooms-h13-hepa-filter-25db-quiet-filtration-system-bedroom-office-remove-99-97-of-dust-smoke,"Air Purifier for Large Family Rooms, H13 HEPA Filter 25dB Quiet Filtration System, Bedroom Office, Remove 99.97% of Dust, Smoke",THE SEAMARK GLOBAL INNOVATIONS,Unknown,,63.99,27.28,active,-134.6,Health & Beauty
air-purifier-forlarge-room-with-wifi-uv-remove-smoking-negative-ion-hepa-filter-air-purifier-activated-carbon-air-filter-for-pet,"Air Purifier forLarge Room,with WiFi UV,Remove Smoking,Negative Ion HEPA Filter Air Purifier,Activated Carbon Air Filter for Pet",THE SEAMARK GLOBAL INNOVATIONS,Unknown,,225.99,91.91,active,-145.9,Health & Beauty
user-friendly-portable-hepa-filtered-air-cleaner-negative-ion-featuring-quiet-operations-for-bedrooms-or-smalsmall-living-spaces,User Friendly Portable HEPA Air Purifier with Negative Ion - Quiet for Bedrooms & Small Spaces,THE SEAMARK GLOBAL INNOVATIONS,Unknown,,103.99,43.16,active,-140.9,Other
2-pack-air-purifier-replacement-filter-for-afloia-fillo-halo-allo-true-hepa-filter-removes-99-97-dust-smoke-odor-pet-dande,"2-Pack Air Purifier Replacement Filter for Afloia Fillo/Halo/Allo - True HEPA Filter Removes 99.97% Dust, Smoke, Odor, Pet Dande",THE SEAMARK GLOBAL INNOVATIONS,Unknown,,37.99,16.96,active,-124.0,Health & Beauty
h12-hepa-air-purifier-pm2-5-smoke-aromath-air-fresher-usb-air-circulator-electric-vehicle-aromatherapy-accessories-black-white,H12 HEPA Air Purifier PM2.5 Smoke aromath Air Fresher Usb Air Circulator Electric Vehicle Aromatherapy Accessories Black White,THE SEAMARK GLOBAL INNOVATIONS,Unknown,,63.99,27.1,active,-136.1,Other
hepa-air-purifier-for-home-with-scented-sponge-deodorizing-for-office-living-room-bedrooms,"HEPA Air Purifier For Home With Scented Sponge,Deodorizing For Office Living Room Bedrooms",THE SEAMARK GLOBAL INNOVATIONS,Unknown,,27.99,12.78,active,-119.0,Other
36-stage-upgraded-shower-filter-with-vitamin-c-veoryfly,36 Stage Upgraded Shower Filter with Vitamin C | VeoryFly,VeoryFly,Shower Filter,"bathroom, chlorine removal, hard water, shower filter, vitamin C",15.29,21.99,active,30.5,Health & Beauty
extra-large-120-inch-frameless-4k-qled-android-smart-tv-built-in-wifi-hdr-gaming-hotel-use-television,"120-Inch 4K QLED Android Smart TV | WiFi, HDR & Gaming Ready",THE SEAMARK GLOBAL INNOVATIONS,Smart TV,"4K, Android TV, Electronics, Gaming TV, Hotel TV, QLED, Smart TV",371.99,150.66,active,-146.9,Smart TV
factory-direct-mini-12inch-televisor-square-portable-tvs-led-av-tv-usb-vga-televisions,"12-Inch Portable Mini TV | LED Display, AV, USB & VGA Inputs",THE SEAMARK GLOBAL INNOVATIONS,Portable TV,"12 inch, Electronics, LED TV, Mini TV, Portable TV, Travel TV",122.99,50.96,active,-141.3,Smart TV
smart-tv-70-inches-television-4k-70-inch-led-tv-with-wifi-hdtv-support-hotel-use-customizable,"70-Inch 4K Smart LED TV | WiFi, HDTV & Hotel Use | Android",THE SEAMARK GLOBAL INNOVATIONS,Smart TV,"4K TV, 70 inch, Electronics, Hotel TV, LED TV, Smart TV",556.99,224.31,active,-148.3,Smart TV
good-price-smart-television-20-1280x1024-inch-led-tv,Good Price Smart Television 20 1280x1024 Inch LED TV,THE SEAMARK GLOBAL INNOVATIONS,Unknown,Electronics,102.99,42.78,active,-140.7,Smart TV
smart-tv-32inch-mobile-monitor-portable-tv-with-stand-bathroom-wireless-rechargeable-rotate-big-screen-tv-interactive-television,"32-Inch Portable Smart TV | Touch Screen, Built-in Battery, Rotating Stand | Android",THE SEAMARK GLOBAL INNOVATIONS,Portable Smart TV,"32 inch, Android TV, Electronics, Portable TV, Smart TV, Touch Screen TV",732.99,294.99,active,-148.5,Smart TV
19-inch-smart-led-tv-high-definition-android-factory-custom-sizes-hd-resolution-television,"19-Inch Smart LED TV | Full HD, HDMI, USB & VGA | Hotel & Home Use",THE SEAMARK GLOBAL INNOVATIONS,LED TV,"19 inch, Electronics, HD TV, Hotel TV, LED TV, Smart TV",55.99,24.18,active,-131.6,Smart TV
32-50-inch-smart-tv-4k-ultra-hd-led-tvs-televisions-led-inch-flat-display-screen-stand-supports-flash-drive-ideal-for-indoor,"32/50 Inch Smart TV 4K Ultra HD LED  TVs Televisions LED  Inch Flat Display Screen Stand Supports Flash Drive, Ideal for Indoor",THE SEAMARK GLOBAL INNOVATIONS,Unknown,Electronics,364.99,147.68,active,-147.1,Smart TV
samsungs-tvs-original-flat-screen-qled-smart-uhd-75-85-series-4k-smart-tv-55-65-50-inch-qled-television,"50–85 Inch 4K QLED Smart TV | Google TV, Android, WiFi & Dolby Vision",THE SEAMARK GLOBAL INNOVATIONS,Smart TV,"4K TV, 85 inch, Electronics, Google TV, QLED TV, Smart TV",600.99,242.17,active,-148.2,Smart TV
android-tablet-smart-television-in-cell-touch-24-inch-lcd-screen-movable-wireless-rollable-portable-touch-display-moveable-tv,"24-Inch Android 13 Touch Screen Portable TV | Rollable Stand, WiFi, 8000mAh Battery",THE SEAMARK GLOBAL INNOVATIONS,Portable Smart TV,"24 inch, Android TV, Electronics, Portable TV, Smart Display, Touch Screen",466.99,188.6,active,-147.6,Smart TV
50-inch-1080p-full-color-tube-chip-advertising-naked-eye-television-3d-tv-monitor-without-glasses-for-shopping-mall,50 Inch 1080P Full Color Tube Chip Advertising Naked Eye Television 3d TV Monitor Without Glasses for Shopping Mall,THE SEAMARK GLOBAL INNOVATIONS,Unknown,Electronics,5579.99,2233.82,active,-149.8,Smart TV
factory-19-inch-smart-tv-custom-logo-oem-android-television-43-50-55-65-75-85-inch-led-tv,"OEM Smart LED TV | 19 to 85 Inch | Android, Full HD, Custom Logo & Sizes",THE SEAMARK GLOBAL INNOVATIONS,Smart TV,"Custom Logo, Electronics, Hotel TV, LED TV, OEM TV, Smart TV",74.99,31.62,active,-137.2,Smart TV
usa-warehouse-stock-outdoor-tv-65-inch-lcd-screen-outdoor-television-1000nits-tv,"65-Inch Outdoor Smart TV | 1000–2500 Nits, 4K, WebOS, WiFi & Dolby Audio",THE SEAMARK GLOBAL INNOVATIONS,Outdoor TV,"4K TV, 65 inch, Electronics, High Brightness TV, Outdoor TV, Smart TV",2231.99,894.65,active,-149.5,Smart TV
vsti-32-inch-class-led-smart-fhd-tv-1080p-2026-model-black-led-lcd-tvs-televisions,"32-Inch Smart FHD LED TV | 1080P, Android, WiFi, HDMI & DVB-T2 |  Model",THE SEAMARK GLOBAL INNOVATIONS,Smart TV,"32 inch, Android TV, Electronics, Full HD TV, LED TV, Smart TV",121.99,50.3,active,-142.5,Smart TV
27-32-inch-smart-portable-android-tv-stand-with-wireless-moving-touch-screen-lcd-rollable-led-backlight-for-tablets-televisions,"27 & 32-Inch Portable Android 13 Touch Screen TV | Rollable Stand, 10000mAh, WiFi",THE SEAMARK GLOBAL INNOVATIONS,Portable Smart TV,"32 inch, Android TV, Electronics, Portable TV, Smart Display, Touch Screen TV",672.99,271.03,active,-148.3,Smart TV
new-style-movable-smart-televisions-21-5-inch-android-tv-full-hd-interactive-portable-tv-for-home,"21.5-Inch Movable Android Smart TV | Full HD, 120Hz Touch Screen, Interactive Portable Display",THE SEAMARK GLOBAL INNOVATIONS,Portable Smart TV,"21 inch, Android TV, Electronics, Interactive Display, Portable TV, Smart TV",464.99,187.86,active,-147.5,Smart TV
55-inch-high-definition-android-led-4k-lcd-tv-high-resolution-hdr-television,"55-Inch 4K Ultra HD Android Smart LED TV | HDR, WiFi, HDMI & USB",THE SEAMARK GLOBAL INNOVATIONS,Smart TV,"4K TV, 55 inch, Electronics, HDR TV, LED TV, Smart TV",749.99,301.68,active,-148.6,Smart TV
43-partial-sun-outdoor-tv-waterproof-4k-television-ip55-1000nits-high-brightness-supports-wi-fi-wireless-connection,"43–75 Inch Outdoor Waterproof 4K TV | IP55, 1000 Nits, WiFi, Netflix & HDR",THE SEAMARK GLOBAL INNOVATIONS,Outdoor TV,"1000 Nits, 4K TV, Electronics, IP55, Outdoor TV, Waterproof TV",1858.99,745.1,active,-149.5,Smart TV
womens-clothing-knitted-splicing-down-cotton-coat-warm-versatile-short-new-winter,Women's Knitted Splicing Down Cotton Coat — Warm Versatile Short Winter Jacket,THE SEAMARK GLOBAL INNOVATIONS,Unknown,"coat, down-jacket, warm, winter, women, women's clothing",63.99,27.11,active,-136.0,Other
womens-dresses-woman-clothes-miyake-high-grade-pleated-print-dress-chinese-national-style-cheongsam-skirt-fishtail-skirt-summer,Women's Miyake Pleated Print Fishtail Dress — Chinese Style Cheongsam Summer Skirt,THE SEAMARK GLOBAL INNOVATIONS,Unknown,"cheongsam, dress, pleated, summer, women, women's clothing",34.99,15.54,active,-125.2,Apparel
2025-new-womens-clothing-european-and-american-style-fashion-solid-color-high-waisted-casual-trousers,Women's High-Waisted Casual Trousers — Solid Colour Fashion Wide Leg Pants,THE SEAMARK GLOBAL INNOVATIONS,Unknown,"casual, high-waist, trousers, wide-leg, women, women's clothing",41.99,18.67,active,-124.9,Apparel
women-shirts-elegant-soild-embroidery-casual-tops-v-neck-long-sleeve-belt-decoration-loose-tops-fashion-office-ladies-shirts,Women's Embroidery V-Neck Long Sleeve Top — Elegant Loose Office Blouse,THE SEAMARK GLOBAL INNOVATIONS,Unknown,"blouse, elegant, embroidery, office, women, women's clothing",71.99,30.61,active,-135.2,Apparel
pants-womens-mujer-winter-elegant-commute-style-plush-homewear-cozy-waistband-tied-layered-patchwork-relaxed-knitted-warmth-chic,Women's Plush Knitted Homewear Pants — Cosy Winter Lounge Trousers,THE SEAMARK GLOBAL INNOVATIONS,Unknown,"homewear, knitted, loungewear, winter, women, women's clothing",31.99,14.3,active,-123.7,Apparel
womens-clothing-2025-summer-new-high-waisted-patchwork-slimming-half-skirt-with-ruffled-hem-hem,Women's High Waisted Ruffled Hem Skirt — Patchwork Slimming Half Skirt,THE SEAMARK GLOBAL INNOVATIONS,Unknown,"high-waist, ruffled, skirt, summer, women, women's clothing",30.99,14.13,active,-119.3,Apparel
womens-clothing-2023-new-middle-aged-winter-down-cotton-jacket-parka-hooded-thicken-warm-coat-female-loose-overcoat-ladies-tops,Women's Hooded Down Cotton Parka Coat — Thickened Warm Winter Overcoat,THE SEAMARK GLOBAL INNOVATIONS,Unknown,"coat, hooded, parka, winter, women, women's clothing",52.99,22.93,active,-131.1,Other
yoga-clothes-for-women-sports-tops-round-neck-seamless-slim-running-shirt-fitness-workout-long-sleeves-gym-t-shirt-winter,Women's Seamless Yoga Long Sleeve Gym Shirt — Slim Fit Running Fitness Top,THE SEAMARK GLOBAL INNOVATIONS,Unknown,"fitness, gym, long-sleeve, women, women's clothing, yoga",16.99,8.35,active,-103.5,Apparel
womens-clothing-2025-summer-new-fashionable-temperament-elegant-solid-color-irregular-short-sleeved-set-new-in-matching-sets,Women's Solid Colour Irregular Short Sleeve Matching Set — Elegant Summer Co-ord,THE SEAMARK GLOBAL INNOVATIONS,Unknown,"co-ord, elegant, matching-set, summer, women, women's clothing",26.99,12.65,active,-113.4,Other
womens-clothing-2025-new-fashion-fashionable-high-neck-color-blocked-graffiti-long-sleeved-hip-hugging-close-fitting-long-dress,Women's High-Neck Colour Block Graffiti Long Dress — Slim Fit Bodycon Maxi,THE SEAMARK GLOBAL INNOVATIONS,Unknown,"bodycon, dress, graffiti, maxi, women, women's clothing",18.99,9.39,active,-102.2,Apparel
men-women-bathrobe-waffle-transparent-summer-thin-robe-shower-plaid-dressing-gown-knee-length-breathable-nightgown-home-cloth,Unisex Waffle Plaid Dressing Gown — Lightweight Breathable Summer Bathrobe,THE SEAMARK GLOBAL INNOVATIONS,Unknown,"bathrobe, homewear, loungewear, summer, unisex, women's clothing",34.99,15.57,active,-124.7,Apparel
womens-men-cloak-with-arm-holes-medieval-woolen-hooded-cloak-elf-cos-cloak-halloween-renaissance-party-cloak,Medieval Hooded Woollen Cloak — Elf Halloween Renaissance Party Cape,THE SEAMARK GLOBAL INNOVATIONS,Unknown,"cloak, cosplay, costume, halloween, medieval, women's clothing",29.99,13.55,active,-121.3,Other
women-winter-warm-underwear-solid-color-thermal-casual-nightwear-sexy-elasticity-female-thin-velvet-t-shirt-sleeveless-tops,Women's Thermal Velvet Sleeveless Top — Warm Winter Underwear Base Layer,THE SEAMARK GLOBAL INNOVATIONS,Unknown,"base-layer, sleeveless, thermal, winter, women, women's clothing",8.99,5.27,active,-70.6,Apparel
womens-clothing-cross-border-foreign-trade-pleated-lace-up-waist-fashionable-hip-wrapped-dress-set-high-quality-temperament,Women's Pleated Lace-up Hip Wrap Dress Set — High Quality Temperament Fashion,THE SEAMARK GLOBAL INNOVATIONS,Unknown,"co-ord, dress, elegant, pleated, women, women's clothing",75.99,31.9,active,-138.2,Apparel
womens-clothing-women-shirt-early-autumn-western-style-high-end-top-niche-unique-cool-white-acetate-satin-shirt-blouses-shirts,Women's Acetate Satin Blouse — High-End Niche Cool White Office Shirt,THE SEAMARK GLOBAL INNOVATIONS,Unknown,"blouse, elegant, office, satin, women, women's clothing",17.99,8.9,active,-102.1,Apparel
woman-clothes-for-women-tops-crop-top-women-aesthetic-trashy-y2k-2000s-aesthetic-womens-blouses-harajuku-shoujo-girl-style-emo,Women's Y2K Harajuku Aesthetic Crop Top — Emo Streetwear Blouse,THE SEAMARK GLOBAL INNOVATIONS,Unknown,"crop-top, harajuku, streetwear, women, women's clothing, y2k",9.99,5.68,active,-75.9,Apparel
women-100-merino-wool-sleeveless-pullovers-turtleneck-sweater-waistcoat-wool-knitwear-spring-autumn-winter-fashion-vest-tops,Women's 100% Merino Wool Turtleneck Vest — Sleeveless Knit Waistcoat,THE SEAMARK GLOBAL INNOVATIONS,Unknown,"knitwear, layering, merino-wool, vest, women, women's clothing",45.99,20.11,active,-128.7,Other
2025-new-womens-fashion-waist-with-belt-hooded-down-cotton-jacket-commuting-warm-windproof-jacket-more-comfortable-to-wear,Women's Hooded Down Cotton Jacket with Belt — Warm Windproof Commuter Coat,THE SEAMARK GLOBAL INNOVATIONS,Unknown,"belted, hooded, jacket, winter, women, women's clothing",103.99,43.21,active,-140.7,Other
womens-clothing-womens-dress-2025-casual-fashion-dress,Women's Casual Fashion Dress — Elegant Everyday Style,THE SEAMARK GLOBAL INNOVATIONS,Unknown,"casual, dress, everyday, fashion, women, women's clothing",57.99,24.79,active,-133.9,Apparel
woman-clothes-see-through-chiffon-blouses-sexy-fashion-solid-cover-ups-ladies-elegant-night-club-tops-white-black-streetwear,Women's Chiffon See-through Blouse — Elegant Sexy Night Club Cover-up Top,THE SEAMARK GLOBAL INNOVATIONS,Unknown,"blouse, chiffon, nightclub, streetwear, women, women's clothing",34.99,15.78,active,-121.7,Apparel
short-esportiva-academia-yoga-feminina-cintura-alta-elastica-secagem-rapida,Women's High-Waist Yoga Shorts — Quick Dry Athletic Leggings,THE SEAMARK GLOBAL INNOVATIONS,Unknown,"activewear, quick-dry, shorts, women, yoga",6.99,4.6,active,-52.0,Fitness
adjustable-plastic-dog-collar-waterproof-pet-cat-puppy-collar-kitten-collars-70cm-38cm-for-small-medium-large-dogs-pet-supplies,Adjustable Plastic Dog Collar Waterproof Pet Cat Puppy Collar Kitten Collars 70cm 38cm for Small Medium Large Dogs Pet Supplies,THE SEAMARK GLOBAL INNOVATIONS,Unknown,,5.99,3.93,active,-52.4,Other
energy-saver-household-digital-electricity-saving-box-with-led-light-accessories,Household Energy Saver Box — Digital Electricity Saving Device with LED,THE SEAMARK GLOBAL INNOVATIONS,Unknown,"electricity, energy-saver, gadget, home, smart",15.99,8.15,active,-96.2,Other
stainless-steel-bohemian-style-personalized-anklet,Stainless Steel Bohemian Anklet — Waterproof Personalised Foot Jewellery,THE SEAMARK GLOBAL INNOVATIONS,Unknown,"anklet, bohemian, jewellery, waterproof, women",6.99,4.67,active,-49.7,Other
fashion-simple-stainless-steel-3-crystal-bracelet-bangle,Stainless Steel Crystal Bracelet Bangle — Elegant 3-Crystal Women's Jewellery,THE SEAMARK GLOBAL INNOVATIONS,Unknown,"bracelet, crystal, jewellery, waterproof, women",8.99,5.45,active,-65.0,Other
panda-plush-comfort-soft-animal-plush-raccoon-fox-bear-floor-cushion-birthday-gifts-soft-pillow-toys-for-girls-gift-room-decor,Panda Plush Cushion — Soft Animal Floor Pillow & Room Decor Gift,THE SEAMARK GLOBAL INNOVATIONS,Unknown,"cushion, gift, home-decor, kids, plush",19.99,9.52,active,-110.0,Other
vip-customizable-engraved-pets-id-tag-for-dog-cat-bronze-nameplate-tags-personalized-address-number-dogs-collar-id-pendant,VIP Customizable Engraved Pets ID Tag for Dog Cat Bronze Nameplate Tags Personalized  Address Number Dogs Collar ID Pendant,THE SEAMARK GLOBAL INNOVATIONS,Unknown,,20.99,10.26,active,-104.6,Apparel
printed-v-neck-seven-quarter-sleeve-dress,Women's Printed V-Neck Dress — 3/4 Sleeve Casual Summer Dress,THE SEAMARK GLOBAL INNOVATIONS,Unknown,"casual, dress, summer, v-neck, women, women's clothing",27.99,13.01,active,-115.1,Apparel
running-mesh-shoes-fashion-casual-sneakers-outdoor-breathable-athletic-gym-men-tennis-footwear-lightweight-zapatillas-de-hombre,Men's Running Mesh Shoes — Lightweight Breathable Athletic Sneakers,THE SEAMARK GLOBAL INNOVATIONS,Unknown,"breathable, men, running, shoes, sneakers",40.99,18.21,active,-125.1,Footwear
1pc-memory-foam-cervical-pillow-2-in-1-ergonomic-contour-orthopedic-pillow-for-neck-pain-contoured-support-pillows-neck-pillow,Memory Foam Cervical Pillow — 2-in-1 Ergonomic Neck Support Pillow,THE SEAMARK GLOBAL INNOVATIONS,Unknown,"home, memory-foam, neck-pain, pillow, sleep",46.99,20.54,active,-128.8,Other
3-in-1-hair-straightener-for-hair-mini-flat-iron-styling-tools-appliances-brush-beard-salon-hair-curler-professional-hot-comb,"3-in-1 Mini Hair Straightener, Curler & Beard Styler — Professional Hot Comb",THE SEAMARK GLOBAL INNOVATIONS,Unknown,"beauty, hair, straightener, styling, travel",8.99,5.3,active,-69.6,Other
square-pendants-delicate-stainless-steel-chain-pendant-necklace-for-women-necklace,Women's Square Pendant Necklace — Delicate Stainless Steel Chain,THE SEAMARK GLOBAL INNOVATIONS,Unknown,"jewellery, necklace, pendant, stainless-steel, women",6.99,4.67,active,-49.7,Other
kz-zsn-pro-x-1dd-1ba-metal-hifi-in-ear-earphone-bass-earbuds-hybrid-driver-sport-headset-very-low-voice-for-zsx-zax-asx-edx-z1,KZ ZSN Pro X Hybrid In-Ear Earphones — HIFI Bass Sport Earbuds,THE SEAMARK GLOBAL INNOVATIONS,Unknown,"audio, earphones, hifi, sport, wired",31.99,14.51,active,-120.5,Audio
lenovo-wireless-bluetooth-ai-real-time-language-translation-earphones-144-languages-ear-hanging-headphone-translator-for-busine,Lenovo AI Wireless Translator Earphones — Real-Time 144 Language Translation,THE SEAMARK GLOBAL INNOVATIONS,Unknown,"bluetooth, earphones, translator, travel, wireless",3.99,3.45,active,-15.7,Audio
lotus-leaf-edge-dresses-for-women,Women's Lotus Leaf Edge Dress — Elegant Flowy Summer Dress,THE SEAMARK GLOBAL INNOVATIONS,Unknown,"dress, elegant, flowy, summer, women",29.99,13.62,active,-120.2,Apparel
stainless-steel-ring-for-women-inlaid-zircon-rings-waterproof-romantic-fashion-jewelry,Women's Zircon Ring — Waterproof Stainless Steel Fashion Jewellery,THE SEAMARK GLOBAL INNOVATIONS,Unknown,"jewellery, ring, waterproof, women, zircon",13.99,7.19,active,-94.6,Other
personality-round-beads-ring-band-small-clear-crystal-zircon-waterproof-stainless-steel-rings-simple-granular-fine-jewelry,Women's Crystal Zircon Granular Ring — Waterproof Stainless Steel Fine Jewellery,THE SEAMARK GLOBAL INNOVATIONS,Unknown,"crystal, jewellery, ring, waterproof, women",7.99,4.95,active,-61.4,Other
led-nightlights-galaxy-projector-remote-control-5v-usb-rechargeable-starry-sky-lamp-dmx-sound-active-7-modes-for-kids-room-decor,LED Galaxy Projector Night Light — Starry Sky Lamp with Remote Control,THE SEAMARK GLOBAL INNOVATIONS,Unknown,"bedroom, gadget, kids, night-light, projector",8.99,5.44,active,-65.3,Other
fashion-2025-front-tie-white-fake-collar-for-women-stand-detachable-collar-fake-girls-vintage-lace-ladies-false-blouse-collar,Women's Detachable Lace Collar — Vintage False Collar Accessory,THE SEAMARK GLOBAL INNOVATIONS,Unknown,"accessories, collar, lace, vintage, women",9.99,5.87,active,-70.2,Other
stainless-steel-heart-shaped-pendant-necklace-metal-waterproof-jewelry-for-women,Women's Heart Pendant Necklace — Waterproof Stainless Steel Jewellery,THE SEAMARK GLOBAL INNOVATIONS,Unknown,"heart, jewellery, necklace, waterproof, women",8.99,5.25,active,-71.2,Other
anxre-selfie-stick-travel-tripod-remote-black,"ANXRE Selfie Stick Travel Tripod with Remote – 360° Rotatable, 41.7"", Compatible with Smartphone & GoPro (Black)",ANXRE,Photography Accessory,"bluetooth remote, featured, gopro, selfie stick, travel, tripod",8.49,9.99,active,15.0,Photography
buwy-4-in-1-phone-stand-bluetooth-speaker-pink,"buwy 4-in-1 Phone Stand with Bluetooth Speaker – RGB Light, Wireless Charger, 40H Battery (Pink)",buwy,Tech Gadget,"bluetooth speaker, gift, phone stand, RGB, tech gadget",11.99,,active,,Electronics
physioroom-ab-roller-exercise-wheel-auto-return,"PhysioRoom Ab Roller Exercise Wheel with Auto Return – Core, Chest, Arms & Shoulder Trainer (Black)",PhysioRoom,Fitness Equipment,featured,8.99,,active,,Fitness
ram-ab-abdominal-exercise-roller-black,"RAM Ab Abdominal Exercise Roller – ABS Wheel Gym Tool, Compact Home Fitness Training (Black)",RAM ONLINE,Fitness Equipment,"ab roller, abs workout, core training, fitness, home gym",5.99,,active,,Fitness
comfortos-20-in-1-push-up-board-resistance-bands,Comfortos 20-in-1 Push Up Board with Resistance Bands – Foldable Home Gym Equipment for Men & Women,Comfortos,Fitness Equipment,"fitness, home gym, push up board, resistance bands, strength training",12.99,,active,,Fitness
hogkmohk-wireless-earbuds-bluetooth-5-1-black,"HOGKMOHK Wireless Earbuds – Bluetooth 5.1, IPX7 Waterproof, HiFi Stereo, LED Display (Black)",HOGKMOHK,Earbuds,"bluetooth, earbuds, sport, waterproof, wireless",9.99,,active,,Audio
rebocico-bluetooth-headphones-over-ear-black-gold,"Rebocico Bluetooth Headphones Over Ear – 65H Playtime, 6 EQ Modes, FM & SD Card (Black & Gold)",Rebocico,Headphones,"bluetooth, headphones, over-ear, rebocico, wireless",18.99,19.99,active,5.0,Audio
geepas-2-slice-bread-toaster-black,"Geepas 2 Slice Bread Toaster – 7 Level Browning, Defrost, Reheat & Cancel, 750W (Black)",GEEPAS,Toaster,"2-slice, breakfast, featured, geepas, kitchen, toaster",15.9,22.99,active,30.8,Kitchen Appliances
drew-cole-4l-digital-air-fryer,"Drew&Cole 4L Digital Air Fryer – 8-in-1, 1500W, Low-Oil Healthy Cooking",Drew&Cole,Air Fryer,"air fryer, drew and cole, healthy cooking, kitchen, low oil",27.99,,active,,Kitchen Appliances
uliptz-wireless-headphones-over-ear-silver,"ULIPTZ Wireless Headphones Over Ear – 65H Playtime, 6 EQ Modes, Bluetooth 5.3 (Silver)",Uliptz,Headphones,"bluetooth, headphones, over-ear, uliptz, wireless",18.99,,active,,Audio
drew-cole-4l-digital-air-fryer-8-in-1-low-oil-cooking,"Drew&Cole 4L Digital Air Fryer – 8‑in‑1, Low‑Oil Cooking",THE SEAMARK GLOBAL INNOVATIONS,Unknown,"featured, home, home-kitchen",27.99,,active,,Kitchen Appliances
