product_name,price_gbp,stock_qty,forecast_units_90_days,forecast_revenue_90_days,stock_risk
"Air Purifier forLarge Room,with WiFi UV,Remove Smoking,Negative Ion HEPA Filter ",225.99,0.0,3,677.97,CRITICAL
50 Inch 1080P Full Color Tube Chip Advertising Naked Eye Television 3d TV Monito,5579.99,0.0,1,5579.99,HIGH
Commercial Slushy Maker Machine Portable 3 Bowl Blender Smoothie Maker with Rota,2716.99,0.0,1,2716.99,HIGH
"65-Inch Outdoor Smart TV | 1000–2500 Nits, 4K, WebOS, WiFi & Dolby Audio",2231.99,0.0,1,2231.99,HIGH
"43–75 Inch Outdoor Waterproof 4K TV | IP55, 1000 Nits, WiFi, Netflix & HDR",1858.99,0.0,1,1858.99,HIGH
"50–85 Inch 4K QLED Smart TV | Google TV, Android, WiFi & Dolby Vision",600.99,0.0,2,1201.98,HIGH
"70-Inch 4K Smart LED TV | WiFi, HDTV & Hotel Use | Android",556.99,0.0,2,1113.98,HIGH
"24-Inch Android 13 Touch Screen Portable TV | Rollable Stand, WiFi, 8000mAh Batt",466.99,0.0,2,933.98,HIGH
"21.5-Inch Movable Android Smart TV | Full HD, 120Hz Touch Screen, Interactive Po",464.99,0.0,2,929.98,HIGH
"55-Inch 4K Ultra HD Android Smart LED TV | HDR, WiFi, HDMI & USB",749.99,0.0,1,749.99,HIGH
"120-Inch 4K QLED Android Smart TV | WiFi, HDR & Gaming Ready",371.99,0.0,2,743.98,HIGH
"32-Inch Portable Smart TV | Touch Screen, Built-in Battery, Rotating Stand | And",732.99,0.0,1,732.99,HIGH
32/50 Inch Smart TV 4K Ultra HD LED  TVs Televisions LED  Inch Flat Display Scre,364.99,0.0,2,729.98,HIGH
"27 & 32-Inch Portable Android 13 Touch Screen TV | Rollable Stand, 10000mAh, WiF",672.99,0.0,1,672.99,HIGH
PM2.5 Mi Hepa Filter Pro H Activated Carbon Filter Pro H for Mi Air Purifier Pro,163.99,0.0,3,491.97,HIGH
Air Purifier for Home Household Air Purifier Cleaner with Aromatherapy Ions Gene,121.99,0.0,4,487.96,HIGH
"32-Inch Smart FHD LED TV | 1080P, Android, WiFi, HDMI & DVB-T2 |  Model",121.99,0.0,4,487.96,HIGH
Air Purifier for Home Allergies Pets Hair in Bedroom H13 True HEPA Filter 25dB F,120.99,0.0,4,483.96,HIGH
User Friendly Portable HEPA Air Purifier with Negative Ion - Quiet for Bedrooms ,103.99,0.0,4,415.96,HIGH
Women's Hooded Down Cotton Jacket with Belt — Warm Windproof Commuter Coat,103.99,0.0,4,415.96,HIGH
Good Price Smart Television 20 1280x1024 Inch LED TV,102.99,0.0,4,411.96,HIGH
NEW LED Red Light Therapy Full Body Infrared Lamp for Facial Light Treatment Ant,136.99,0.0,3,410.97,HIGH
User Friendly Portable HEPA Air Purifier - Quiet Operation for Bedrooms & Small ,98.99,0.0,4,395.96,HIGH
Women Clothing Wholesale Summer Ladies Fashion Dresses High Quality Stretch Slee,95.99,0.0,4,383.96,HIGH
Air Purifier Smoke Odor Negative Ion Generator with Aromatherapy Air Cleaner for,92.99,0.0,4,371.96,HIGH
"12-Inch Portable Mini TV | LED Display, AV, USB & VGA Inputs",122.99,0.0,3,368.97,HIGH
Women's Embroidery V-Neck Long Sleeve Top — Elegant Loose Office Blouse,71.99,0.0,5,359.95,HIGH
LED Red Light Therapy Panel Lamp for Facial Anti Aging Skin Care Beauty 225pcs L,70.99,0.0,5,354.95,HIGH
Red Light Therapy Eye Mask Rechargeable Anti Aging Wrinkle Reduction Treatment E,69.99,0.0,5,349.95,HIGH
Air Purifier H13 Hepa Filter 545*298*19mm for 3M Filtrete FAP03 Filter PM2.5 Odo,69.99,0.0,5,349.95,HIGH
"B89B-Portable Blender, Cordless USB Rechargeable Mini Smoothie Maker Multi-Funct",68.99,0.0,5,344.95,HIGH
Smart LED Face Masks Programmable Bluetooth APP Control Change Face DIY Photoes ,85.99,0.0,4,343.96,HIGH
4 in 1 with Neck Led Light Therapy Infrared Flexible Soft Mask Silicone 4 Color ,83.99,0.0,4,335.96,HIGH
Blender Kitchen Chopper Portable Stationary Blender For Smoothies Mixer Machine ,64.99,0.0,5,324.95,HIGH
"Cordless Car Vacuum Cleaner Handheld, High Power Wet Dry Portable Vacuum Blower ",79.99,0.0,4,319.96,HIGH
Women's Knitted Splicing Down Cotton Coat — Warm Versatile Short Winter Jacket,63.99,0.0,5,319.95,HIGH
"Air Purifier for Large Family Rooms, H13 HEPA Filter 25dB Quiet Filtration Syste",63.99,0.0,5,319.95,HIGH
H12 HEPA Air Purifier PM2.5 Smoke aromath Air Fresher Usb Air Circulator Electri,63.99,0.0,5,319.95,HIGH
LED Red Light Therapy Panel Lamp for Facial Anti Aging Skin Care Beauty 225 LED ,60.99,0.0,5,304.95,HIGH
LED red panel light facial anti-aging skin care beauty 144 LED light body physio,75.99,0.0,4,303.96,HIGH
Women's Pleated Lace-up Hip Wrap Dress Set — High Quality Temperament Fashion,75.99,0.0,4,303.96,HIGH
"OEM Smart LED TV | 19 to 85 Inch | Android, Full HD, Custom Logo & Sizes",74.99,0.0,4,299.96,HIGH
Women's Clothing New  Style Dress,74.99,0.0,4,299.96,HIGH
LED Mask with Gesture Sensing for Halloween Party Festival Performance Kids Lumi,59.99,0.0,5,299.95,HIGH
Air Purifier HEPA Filter Negative Ion Automatic Formaldehyde PM2.5 Air Eliminato,58.99,0.0,5,294.95,HIGH
Women's Casual Fashion Dress — Elegant Everyday Style,57.99,0.0,5,289.95,HIGH
Women Evening Dresses Sexy Elegant Red Cocktail Party Chic Gala Graduation Luxur,57.99,0.0,5,289.95,HIGH
LED Lights Strip Smart TV Led Backlight USB RGB 5V Luces LED Neon Lighting App C,47.99,0.0,6,287.94,HIGH
Women's Clothing Trend 2025 Spring Long Sleeve High Waist Evening Dresses Sexy V,56.99,0.0,5,284.95,HIGH
Women's Clothing 2025 New Fashion Casual Halter Neck Solid Color Sleeveless Suit,56.99,0.0,5,284.95,HIGH
Summer New Women Clothing Elegant Office Dresses Pleated Woman Notched Collar Ha,46.99,0.0,6,281.94,HIGH
7 Colors LED Face Neck Mask Rechargeable LED Photon Beauty Mask Machine Facial L,46.99,0.0,6,281.94,HIGH
Memory Foam Cervical Pillow — 2-in-1 Ergonomic Neck Support Pillow,46.99,0.0,6,281.94,HIGH
New Summer Mens Breathable Mesh Running Shoes Lightweight Sports Sneakers Fashio,46.99,0.0,6,281.94,HIGH
Women's Elegant Two-Piece Set Shiny Dress with Lace Interior Long Sleeve Autumn ,55.99,0.0,5,279.95,HIGH
"19-Inch Smart LED TV | Full HD, HDMI, USB & VGA | Hotel & Home Use",55.99,0.0,5,279.95,HIGH
African Clothes For Women Fashion  Basin Embroidery Design Dresses Top With Pant,45.99,0.0,6,275.94,HIGH
Women's 100% Merino Wool Turtleneck Vest — Sleeveless Knit Waistcoat,45.99,0.0,6,275.94,HIGH
Women's Clothing European American Fashion Casual Sports Autumn Winter Solid Col,54.99,0.0,5,274.95,HIGH
12V Portable Car Vacuum Cleaner Handheld Wet Dry Powerful Suction Auto Cleaning ,53.99,0.0,5,269.95,HIGH
"2025 New Men's Casual Slip-Ons - Durable, Comfortable, Breathable & Stylish Half",44.99,0.0,6,269.94,HIGH
LED Infrared Therapy Chin Strap with V-shaped Face Lift LED Photon Therapy Facia,44.99,0.0,6,269.94,HIGH
RGB Led Strip Light 12V SMD5050 5M 10M 15M 20M Smart Bluetooth Flexible Tape Lam,44.99,0.0,6,269.94,HIGH
New Portable Juice Maker Blender for Shakes Smoothies 700ML Multiple Colors 12-B,44.99,0.0,6,269.94,HIGH
"Personalized Prints, Contrasting Color Designs, Women's Suits, Short-Sleeved Top",44.99,0.0,6,269.94,HIGH
Women's Hooded Down Cotton Parka Coat — Thickened Warm Winter Overcoat,52.99,0.0,5,264.95,HIGH
Electric Heated Facial Mask Red Light Therapy Facial Massager Relieves Facial Sp,52.99,0.0,5,264.95,HIGH
temperament women's clothing new spring and summer styles: high-waisted midi ski,43.99,0.0,6,263.94,HIGH
Women Clothing 2 Pieces Print Long Sleeve Shirt Top and Pleated Mini Skirt Luxur,43.99,0.0,6,263.94,HIGH
Women's Clothing  Spring New Fashion Temperament Sexy Slim Fit Versatile High Wa,43.99,0.0,6,263.94,HIGH
Smart LED Gaming Strip Light Computer Monitor Backlight Sync Strip Light RGB Lig,51.99,0.0,5,259.95,HIGH
Women's clothing 2025 spring/summer new fashionable slim fit round neck pleated ,41.99,0.0,6,251.94,HIGH
Women's High-Waisted Casual Trousers — Solid Colour Fashion Wide Leg Pants,41.99,0.0,6,251.94,HIGH
"New autumn and winter  fashion women's clothing, oversized with an irregular hem",41.99,0.0,6,251.94,HIGH
"Portable blender, personal blender for milkshakes and smoothies, rechargeable an",41.99,0.0,6,251.94,HIGH
Women's clothing  spring new design ruffle edge horn sleeve lace-up top versatil,41.99,0.0,6,251.94,HIGH
Women Clothes Sexy Fashion Long Dress Ladies Elegant Slim Solid Dresses Office L,49.99,0.0,5,249.95,HIGH
Woman Clothes Tops V Elegant Knit Cardigan For Women With V Neck Tie Waist And F,49.99,0.0,5,249.95,HIGH
Maternity Clothes for Pregnant Women Pregnancy Clothing 2025 Autumn Winter Adjus,40.99,0.0,6,245.94,HIGH
Men's Running Mesh Shoes — Lightweight Breathable Athletic Sneakers,40.99,0.0,6,245.94,HIGH
"Women's Elegant Islamic Clothing, Pink Embroidered Robe, Loose Batwing Sleeve Ar",40.99,0.0,6,245.94,HIGH
Women's Chiffon See-through Blouse — Elegant Sexy Night Club Cover-up Top,34.99,0.0,7,244.93,HIGH
Women's clothing 2025 autumn new style sweet and fresh striped V-neck batsleeves,34.99,0.0,7,244.93,HIGH
Air Purifier With H13 HEPA + Activated Carbon Filter Dual Purification for 20㎡ R,34.99,0.0,7,244.93,HIGH
"Portable juicer, multifunctional blender, USB charging juice maker, suitable for",34.99,0.0,7,244.93,HIGH
Women's Miyake Pleated Print Fishtail Dress — Chinese Style Cheongsam Summer Ski,34.99,0.0,7,244.93,HIGH
Unisex Waffle Plaid Dressing Gown — Lightweight Breathable Summer Bathrobe,34.99,0.0,7,244.93,HIGH
Wireless Handheld Vacuum Cleaner Cordless Handheld Vacuum Chargeable Auto Vacuum,39.99,0.0,6,239.94,HIGH
"Women's clothing autumn new style elegant and fashionable banquet dress, grand d",33.99,0.0,7,237.93,HIGH
Women's Clothing Early Autumn White Blouses New French High-end Shirts Luxury De,33.99,0.0,7,237.93,HIGH
Portable Blender Electric Fruit Blender Durable Smoothies and Milkshakes Maker R,33.99,0.0,7,237.93,HIGH
Electric Laser Hair Growth Comb Red Blue Light Magnetic Therapy Head Massage Bru,38.99,0.0,6,233.94,HIGH
Women's Pants & Camis Sports Clothing Summer Streetwear Fashion New Striped 2 Pi,38.99,0.0,6,233.94,HIGH
Women's Clothing Autumn Christmas Printed Tight Hip-hugging Dress Long-sleeved S,38.99,0.0,6,233.94,HIGH
Portable Car Air Purifier HEPA Filter Formaldehyde Smoke Remover Deodorizer Nega,32.99,0.0,7,230.93,HIGH
Air Purifiers Small Portable Hepa Filter Air Purifier Home Remove Smoke Odor For,32.99,0.0,7,230.93,HIGH
Woman Work Clothes Suit Hotel Waiter Beauty Salon Spa Massage Nail Cafe Sexy Foo,32.99,0.0,7,230.93,HIGH
2-Pack Air Purifier Replacement Filter for Afloia Fillo/Halo/Allo - True HEPA Fi,37.99,0.0,6,227.94,HIGH
"Portable juicer, handheld blender, USB charging juice maker, suitable for making",37.99,0.0,6,227.94,HIGH
Women's Clothing Autumn New Item Satin Dress Pleated Versatile Dress Women's Ver,31.99,0.0,7,223.93,HIGH
Smart USB LED Strip RGBIC Color Changing Computer Screen Color Sync Back Light M,31.99,0.0,7,223.93,HIGH
KZ ZSN Pro X Hybrid In-Ear Earphones — HIFI Bass Sport Earbuds,31.99,0.0,7,223.93,HIGH
"Red Light Therapy for Face/Neck, 7 Color LED Facial Light Therapy Wand  Portable",31.99,0.0,7,223.93,HIGH
Women's Plush Knitted Homewear Pants — Cosy Winter Lounge Trousers,31.99,0.0,7,223.93,HIGH
Women's Clothing New Autumn Winter Dress Solid Color Round Neck Swing Pocket Swi,36.99,0.0,6,221.94,HIGH
Women White Dress Lace Up Sexy Midi Vestidos Ruffles Sleeveless Bodycon Female D,36.99,0.0,6,221.94,HIGH
"Portable blender with 20oz cup, USB-C rechargeable, self-cleaning, cordless for ",36.99,0.0,6,221.94,HIGH
Winter Women's Clothing Sexy Backless Bodycon Dress For Woman Elegant Evening We,36.99,0.0,6,221.94,HIGH
100% cotton breathable short sleeve T-shirt men's summer fashion luxury brand go,36.99,0.0,6,221.94,HIGH
Wireless Handheld Vacuum Cleaner Cordless Handheld Chargeable Auto Vacuum for Ho,30.99,0.0,7,216.93,HIGH
"Portable Blender Cup, Electric USB Juicer Blender, Mini Blender, Portable Blende",30.99,0.0,7,216.93,HIGH
Women's High Waisted Ruffled Hem Skirt — Patchwork Slimming Half Skirt,30.99,0.0,7,216.93,HIGH
Electric Heating Massage Red Light Therapy Face Mask Massage for Facial Nerve Pa,30.99,0.0,7,216.93,HIGH
Evening Dresses for Women 2024 Party Dress Women Clothing Birthday Dress for Wom,35.99,0.0,6,215.94,HIGH
Woman's Clothes Long Dresses 2025 New Style New Slit Bronzing Dress Long Skirt E,35.99,0.0,6,215.94,HIGH
Women Clothes Shirts for Women T-shirts Y2k Tops Vintage Women Clothing Fashion ,35.99,0.0,6,215.94,HIGH
Medieval Hooded Woollen Cloak — Elf Halloween Renaissance Party Cape,29.99,0.0,7,209.93,HIGH
Activated Carbon Filter Air Purifier Filter Indoor Air Purification Hassle-free ,29.99,0.0,7,209.93,HIGH
Women's Lotus Leaf Edge Dress — Elegant Flowy Summer Dress,29.99,0.0,7,209.93,HIGH
Casual Woman Clothing  Summer Two Piece Set for Women T-Shirts O-Neck Shorts Dai,25.99,0.0,8,207.92,HIGH
"Smart RGBIC LED Strip Light, Bluetooth, USB, 20m, Waterproof, String Light, Room",25.99,0.0,8,207.92,HIGH
Women's clothing  fashion with belt elastic Midi dress,25.99,0.0,8,207.92,HIGH
Women Suit Blazer Elegant Coat 2025 Spring Autumn Fashion Korean Blazer Luxury D,28.99,0.0,7,202.93,HIGH
New Casual Orthopedics Wide Feet Swollen Shoes Thumb Eversion Adjusting Soft Com,28.99,0.0,7,202.93,HIGH
2025 Fashion Men Wool & Blends Mens Casual Business Trench Coat Mens Leisure Ove,24.99,0.0,8,199.92,HIGH
Portable Handheld Insulated Water Bottle 24H Thermal Retention Stainless Steel L,24.99,0.0,8,199.92,HIGH
Desktop Air Purifier With HEPA Filter Portable Air Cleaner Odor Remover Air Fres,24.99,0.0,8,199.92,HIGH
"Drew&Cole 4L Digital Air Fryer – 8-in-1, 1500W, Low-Oil Healthy Cooking",27.99,0.0,7,195.93,HIGH
"Drew&Cole 4L Digital Air Fryer – 8‑in‑1, Low‑Oil Cooking",27.99,0.0,7,195.93,HIGH
"HEPA Air Purifier For Home With Scented Sponge,Deodorizing For Office Living Roo",27.99,0.0,7,195.93,HIGH
Women's Printed V-Neck Dress — 3/4 Sleeve Casual Summer Dress,27.99,0.0,7,195.93,HIGH
"Handheld juicer, portable blender, USB charging juice maker, suitable for making",27.99,0.0,7,195.93,HIGH
Portable Blender Electric Juicer 600ML Fruit Mixers 4000mAh USB Rechargeable Smo,27.99,0.0,7,195.93,HIGH
Woman Clothing  Summer Casual Two Piece Set Women T-Shirts O-Neck Shorts Daily S,23.99,0.0,8,191.92,HIGH
Trousers Versatile Mens Sweatpants Trend Print Pants Outdoors Sports Daily Casua,23.99,0.0,8,191.92,HIGH
"Portable Blender, Portable Cordless Juicer Fruit Juicers for Smoothies Bottle, 4",23.99,0.0,8,191.92,HIGH
Woman Clothing Versatile Sweatshirts Casual Hoodies Comfortable Pullovers Slim F,23.99,0.0,8,191.92,HIGH
Women's Clothing 2025 Autumn/Winter Elegant Slim-Fit Turtleneck Solid Color Swea,26.99,0.0,7,188.93,HIGH
evening dresses  for women 2022 party dress women clothing birthday dress for wo,26.99,0.0,7,188.93,HIGH
dresses for women 2022 dress summer dresses sexy birthday dress for women clothe,26.99,0.0,7,188.93,HIGH
White Dress For Women Casual Sexy V-neck Packed Hip Dresses Women Clothing 2022 ,26.99,0.0,7,188.93,HIGH
Women's Solid Colour Irregular Short Sleeve Matching Set — Elegant Summer Co-ord,26.99,0.0,7,188.93,HIGH
Summer Mens Cargo Shorts Bermuda Cotton High Quality Hot Sale Army Military Mult,22.99,0.0,8,183.92,HIGH
2026 New Rozanov 81 Boston Raiders 100%cotton men's shirt Graphics heated rival ,22.99,0.0,8,183.92,HIGH
Portable Blender Bottle Electric 6 Blades Multifunction Juice Blender Fresh Juic,19.99,0.0,9,179.91,HIGH
Led Lights for Room Music Sync RGB Led Strip Lights 10m 20m 30m Flexible Ribbon ,19.99,0.0,9,179.91,HIGH
Panda Plush Cushion — Soft Animal Floor Pillow & Room Decor Gift,19.99,0.0,9,179.91,HIGH
LED Red Light Photon Therapy Face Mask Beauty Instrument Facial SPA Acne Wrinkle,19.99,0.0,9,179.91,HIGH
Customize Insulated Stainless Steel Water Bottle with Straw - Ideal for Outdoor ,21.99,0.0,8,175.92,HIGH
Fashion Clothes Vintage Dress for Women Clothing Streetwear Traditional Chinese ,21.99,0.0,8,175.92,HIGH
Women's High-Neck Colour Block Graffiti Long Dress — Slim Fit Bodycon Maxi,18.99,0.0,9,170.91,HIGH
Hair Growth Serum Anti Loss Regrowth Hair Growth Oil Prevent Baldness Repair Dam,18.99,0.0,9,170.91,HIGH
LED DJ Mask Headgear Lifelike Marshmello Mask Breathable Helmet Mask Carnival Fe,18.99,0.0,9,170.91,HIGH
"Car vacuum cleaner, cordless, usb charging, strong suction, portable, powerful m",18.99,0.0,9,170.91,HIGH
Women's Fashion Print Dress For Women Casual Sexy Deep V Neck Lace-Up Loose Dres,18.99,0.0,9,170.91,HIGH
"Rebocico Bluetooth Headphones Over Ear – 65H Playtime, 6 EQ Modes, FM & SD Card ",18.99,0.0,9,170.91,HIGH
Elegant Dresses for Women V Neck Flare Sleeve High Waisted Pleated A Line Mid Ca,18.99,0.0,9,170.91,HIGH
Men's summer 100% cotton fashionable casual loose coconut tree pattern printed s,18.99,0.0,9,170.91,HIGH
Hair Essential Care Serum Strengthen Roots Reducing Loss Prevent Baldness Nouris,18.99,0.0,9,170.91,HIGH
"ULIPTZ Wireless Headphones Over Ear – 65H Playtime, 6 EQ Modes, Bluetooth 5.3 (S",18.99,0.0,9,170.91,HIGH
Coordinated Women Clothing Breathable Summer Outfit Women’s Batwing Sleeve Linen,20.99,0.0,8,167.92,HIGH
Portable Electric Handheld Blender Rechargeable Travel Fruit Juicer Cup Mini Mix,20.99,0.0,8,167.92,HIGH
Women's Clothing 2025 Spring And Summer New Sweet And Fresh V-neck Long Sleeved ,20.99,0.0,8,167.92,HIGH
LED Beauty Light Red Blue Light Device Professional Facial Rejuvenation Lam Spa ,20.99,0.0,8,167.92,HIGH
LED Photon Therapy Facial Slimming Vibration Massager Facial Lifting Device Faci,20.99,0.0,8,167.92,HIGH
Women's Clothing Dresses For Ladies Spaghetti Strap Vestido Simple Style Tempera,20.99,0.0,8,167.92,HIGH
Male Pants Stretch Solid Black Smart Casual Men's Trousers Office Quick Dry Suit,20.99,0.0,8,167.92,HIGH
VIP Customizable Engraved Pets ID Tag for Dog Cat Bronze Nameplate Tags Personal,20.99,0.0,8,167.92,HIGH
Men's trousers summer casual pants new men's clothing fitness and sports sprint ,20.99,0.0,8,167.92,HIGH
Fashion Women Knitted Clothes Set Femal Knitting Tops Skirts Woman Autumn Winter,20.99,0.0,8,167.92,HIGH
Women's Acetate Satin Blouse — High-End Niche Cool White Office Shirt,17.99,0.0,9,161.91,HIGH
New men's dress shirt long sleeve thin free ironing business casual slim-fit fas,17.99,0.0,9,161.91,HIGH
Tung Sahur Graphic Printed T-Shirt Men Summer Casual Loose Fashion Funny Round N,17.99,0.0,9,161.91,HIGH
Casual Dress Dresses 2025 Woman Simple Style Vestido Women's Clothing All-match ,17.99,0.0,9,161.91,HIGH
Smart Gaming LED Strip Lights 24-34 Inch Computer Screen Backlight USB PC LED Ba,17.99,0.0,9,161.91,HIGH
Smart RGB LED Strip Light 20M Fairy String Lights W/ APP Control Music Sync 12 M,17.99,0.0,9,161.91,HIGH
Ladies Dress Autumn Women Hooded Dresses Hoodies Women Sweatshirts Women Hoodies,17.99,0.0,9,161.91,HIGH
2026 New Men's Sportswear Short Sleeved T-shirt and Sports Shorts Summer Casual ,17.99,0.0,9,161.91,HIGH
304 Stainless 500ml Steel Vacuum Insulated Water Bottle Portable Coffee Bottle O,17.99,0.0,9,161.91,HIGH
Hair Growth Spray Ginger Massage Scalp Damaged Treatment Solution Nourish Roots ,17.99,0.0,9,161.91,HIGH
"Hair Serum With Built-In Brush,Hair Nourishing Strengthening Essence,Improve Sca",17.99,0.0,9,161.91,HIGH
Modern Dance Clothes Women  V-Neck Seamless Short Sleeve T-Shirt Elegant Stage C,17.99,0.0,9,161.91,HIGH
"Plug-in Air Purifier Ionizer HEPA Filter, Mini Portable Air Purifier for Home Mo",17.99,0.0,9,161.91,HIGH
Household Energy Saver Box — Digital Electricity Saving Device with LED,15.99,0.0,10,159.9,HIGH
Cordless Handheld Vacuum Cleaner 3500Pa High Power Car Vacuum Portable Mini Vacu,15.99,0.0,10,159.9,HIGH
Men Women Off Campus Briar University Jersey Graham 44 fans 22 DI LAURENTIS 66 T,15.99,0.0,10,159.9,HIGH
"Geepas 2 Slice Bread Toaster – 7 Level Browning, Defrost, Reheat & Cancel, 750W ",15.9,0.0,10,159.0,HIGH
Scalp Massager Hair Growth Scalp Scrubber with Soft Silicone Bristles for Hair G,16.99,0.0,9,152.91,HIGH
Women's Seamless Yoga Long Sleeve Gym Shirt — Slim Fit Running Fitness Top,16.99,0.0,9,152.91,HIGH
Autumn Men's Wide Loose Casual Pants Mens Patchwork Nine-point Sports  Elastic R,16.99,0.0,9,152.91,HIGH
Smart LED Strip Lights with Adhesive Backing，RGB 16 Million Colors Strip Lamp wi,16.99,0.0,9,152.91,HIGH
5-40M Smart RGB LED Strip Lights with Music Sync App & Remote Control - 16 Milli,16.99,0.0,9,152.91,HIGH
6 Color 400ml Portable USB Blender Electric Travel Juicer Cup For Smoothie Milks,16.99,0.0,9,152.91,HIGH
Smart Led Strip Lights With Remote Control With-remote Rgb Light Bar Lamp Sync W,16.99,0.0,9,152.91,HIGH
36 Stage Upgraded Shower Filter with Vitamin C | VeoryFly,15.29,0.0,10,152.9,HIGH
"2025 Men's trousers for autumn and winter, men's casual pants, fashionable soft ",14.99,0.0,10,149.9,HIGH
"Cordless USB rechargeable, cordless charging, with 3 accessories, car/home/pet h",14.99,0.0,10,149.9,HIGH
Portable Milkshake and Smoothie Blender 10 Blades Powerful Juice Jug with USB Re,14.99,0.0,10,149.9,HIGH
Mens Bodybuilding Sports Tight T-shirt Summer Compression Turtleneck Short Sleev,14.99,0.0,10,149.9,HIGH
Women's Clothing 2024 Spring Summer New Fashionable Printed Temperament Slim Fit,14.99,0.0,10,149.9,HIGH
2025 New Men Sportswear Fitness Top Gym Shirts Quick-drying Breathable Slim Long,14.99,0.0,10,149.9,HIGH
Hawaii Shirts for Men 3D Paisley Graphic Short-sleeved T-shirt Casual Lapel Butt,14.99,0.0,10,149.9,HIGH
Red And Black Plaid Shirt Men Shirts 2026 New Summer Fashion Chemise Homme Mens ,12.99,0.0,11,142.89,HIGH
"Handheld Car Vacuum Cleaner, 15000PA Portable Cordless, Dual use of blowing and ",12.99,0.0,11,142.89,HIGH
2024 Mens Print Pants Autumn/Winter New In Men's Clothing Trousers Sport Jogging,12.99,0.0,11,142.89,HIGH
Electric Spray Massage Comb Hair Growth Vibration Head Massager Brush LED Anti H,12.99,0.0,11,142.89,HIGH
Men's Casual and Fashionable Long Sleeved Solid Color Shirt Non Ironing and Wrin,12.99,0.0,11,142.89,HIGH
Comfortos 20-in-1 Push Up Board with Resistance Bands – Foldable Home Gym Equipm,12.99,0.0,11,142.89,HIGH
2024 NEW Summer Running Shorts Men Sports Jogging Fitness Shorts Quick Dry Mens ,12.99,0.0,11,142.89,HIGH
Women Clothes Cat It's Fine I'm Fine Everything Is Fine Print T-shirts Summer Ca,13.99,0.0,10,139.9,HIGH
Women's Zircon Ring — Waterproof Stainless Steel Fashion Jewellery,13.99,0.0,10,139.9,HIGH
100% Cotton T-shirt Men Women Solid Color O Neck Short-sleeved Tops Summer Korea,13.99,0.0,10,139.9,HIGH
LED Car Music Light Strip 48LEDs USB Smart Bluetooth APP Control Waterproof Mult,13.99,0.0,10,139.9,HIGH
Elegant Dresses for Woman Clothes V Neck Bodycon Mini Dress Long Sleeve Double B,13.99,0.0,10,139.9,HIGH
Men's Polo Shirt Golf Shirt Graphic Prints V Neck Outdoor Street Short Sleeves P,13.99,0.0,10,139.9,HIGH
"buwy 4-in-1 Phone Stand with Bluetooth Speaker – RGB Light, Wireless Charger, 40",11.99,0.0,11,131.89,HIGH
Men's Tracksuit 2 Piece O-neck Short Sleeve Shirt Shorts Set Men's Running Suit ,11.99,0.0,11,131.89,HIGH
Cordless Handheld Home & Car Vacuum Cleaner 2-in-1 Blowing and Suction USB Recha,11.99,0.0,11,131.89,HIGH
Car Cordless Vacuum Cleaner Portable Large Suction Household Cleaning Equipment ,11.99,0.0,11,131.89,HIGH
Men Sport T-shirt Quick Dry Bodybuilding Running Shirt Long Sleeve Compression T,11.99,0.0,11,131.89,HIGH
Women Nightwear Home Clothes Sexy Black Floral Printing Nightdress Sleepwear Nig,11.99,0.0,11,131.89,HIGH
Pure White 260g Heavy T-shirt Men's Summer Pure Cotton Short-sleeved New Men's a,11.99,0.0,11,131.89,HIGH
Scalp Liquid Applicator Comb - For Hair Growth Serum/Essential Oil Guiding & Sca,11.99,0.0,11,131.89,HIGH
12V LED Strip SMD 2835 1M 2M 3M 4M 5M LED Stripe Tape Light 120LED/M 240LED/M Wa,10.99,0.0,12,131.88,HIGH
Smart Led Lights Strip TV Smart Bedroom Lighting Bluetooth Usb Led Strip Rgb 5V ,10.99,0.0,12,131.88,HIGH
Men's sleeveless fitness shirt anime M sports leisure jogging fast drying summer,10.99,0.0,12,131.88,HIGH
Summer Men T-shirt High Quality Cotton Blend Funny Banana Printing Loose O-neck ,10.99,0.0,12,131.88,HIGH
Led Strip Lights with 44 Key Remote Control 1m 5m 10m 20m RGB Tape Led Wall Room,10.99,0.0,12,131.88,HIGH
Women's Y2K Harajuku Aesthetic Crop Top — Emo Streetwear Blouse,9.99,0.0,12,119.88,HIGH
Men Women Print T-shirt Fashion Hip Hop Metal Gothic Rock T Shirt Loose Streetwe,9.99,0.0,12,119.88,HIGH
Women's Detachable Lace Collar — Vintage False Collar Accessory,9.99,0.0,12,119.88,HIGH
"HOGKMOHK Wireless Earbuds – Bluetooth 5.1, IPX7 Waterproof, HiFi Stereo, LED Dis",9.99,0.0,12,119.88,HIGH
LED Lights RGB Strip Smart Music Sync Color Changing Strip Lights Remote App Con,9.99,0.0,12,119.88,HIGH
Hair Scalp Massager for Hair Care Scalp Scrubber Shampoo Brush & Exfoliator for ,8.99,0.0,13,116.87,HIGH
LED Light Mask Helmet Halloween Christmas PV Darth Vader Mask Soldiers Luminous ,8.99,0.0,13,116.87,HIGH
"3-in-1 Mini Hair Straightener, Curler & Beard Styler — Professional Hot Comb",8.99,0.0,13,116.87,HIGH
Hat Men Version Tide Solid Color Flat Baseball Caps Cotton Blend Cap Men Side Bu,8.99,0.0,13,116.87,HIGH
Stainless Steel Crystal Bracelet Bangle — Elegant 3-Crystal Women's Jewellery,8.99,0.0,13,116.87,HIGH
Women's Heart Pendant Necklace — Waterproof Stainless Steel Jewellery,8.99,0.0,13,116.87,HIGH
1/2pcs Autumn  Winter Men's High Neck T-shirt Slim Fit Fashion High Elastic Long,8.99,0.0,13,116.87,HIGH
LED Galaxy Projector Night Light — Starry Sky Lamp with Remote Control,8.99,0.0,13,116.87,HIGH
"PhysioRoom Ab Roller Exercise Wheel with Auto Return – Core, Chest, Arms & Shoul",8.99,0.0,13,116.87,HIGH
Smart LED Strip Light Supports App and Remote Control Features RGB Color-changin,8.99,0.0,13,116.87,HIGH
Women's Thermal Velvet Sleeveless Top — Warm Winter Underwear Base Layer,8.99,0.0,13,116.87,HIGH
Smart LED Strip Lights 1m-20m Music Sync RGB 5V with App & Remote Control for Ch,7.99,0.0,14,111.86,HIGH
"LED Strip Lights RGB 3535 ,5V 1M-30M,16 million colors, RGB , Led Strip Lighting",7.99,0.0,14,111.86,HIGH
Underwear Dress Women Striped Perspective Hollow Tight Short Dresses Women Cloth,7.99,0.0,14,111.86,HIGH
Summer men's round neck breathable T-shirt with cartoon bear print pattern suita,7.99,0.0,14,111.86,HIGH
2Pcs HEPA Replacement Filter Activated Carbon Filters for Air Purifier to Remove,7.99,0.0,14,111.86,HIGH
"Hair care serum, gently nourishing, massages the scalp, moisturizes and smooths ",7.99,0.0,14,111.86,HIGH
"Summer innovative design EVA men's shoes, soft and lightweight home slippers, su",7.99,0.0,14,111.86,HIGH
Women's Crystal Zircon Granular Ring — Waterproof Stainless Steel Fine Jewellery,7.99,0.0,14,111.86,HIGH
Scalp Applicator Liquid Comb Portable Liquid Guiding Massager Comb Bottle Applic,7.99,0.0,14,111.86,HIGH
"ANXRE Selfie Stick Travel Tripod with Remote – 360° Rotatable, 41.7"", Compatible",8.49,0.0,13,110.37,HIGH
Mini Scalp Applicator Comb 1-3 Comb Head Massager Roller Ball Brush for Hair Gro,6.99,0.0,15,104.85,HIGH
Stainless Steel Bohemian Anklet — Waterproof Personalised Foot Jewellery,6.99,0.0,15,104.85,HIGH
Mini Portable Scalp Applicator Liquid Comb Hair Roots Massage Medicine Comb Hair,6.99,0.0,15,104.85,HIGH
Women's Square Pendant Necklace — Delicate Stainless Steel Chain,6.99,0.0,15,104.85,HIGH
Women's High-Waist Yoga Shorts — Quick Dry Athletic Leggings,6.99,0.0,15,104.85,HIGH
Sports Water Bottle with Time-Tracking Straw Leak Proof Locking Flip Cover for E,6.99,0.0,15,104.85,HIGH
Adjustable Plastic Dog Collar Waterproof Pet Cat Puppy Collar Kitten Collars 70c,5.99,0.0,16,95.84,HIGH
Retro Men's T-Shirt Gym American Flag Print Casual Crew Neck Short Sleeve Top Ou,5.99,0.0,16,95.84,HIGH
"RAM Ab Abdominal Exercise Roller – ABS Wheel Gym Tool, Compact Home Fitness Trai",5.99,0.0,16,95.84,HIGH
5ML Scalp Applicator Liquid Comb For Hair Growth Serum Oil Nourish Mini Portable,5.99,0.0,16,95.84,HIGH
Silicone Head Scalp Massage Comb Hair Washing Brush Soft Scalp Massager for Hair,4.99,0.0,17,84.83,HIGH
10 Ml Scalp Massage Comb Liquid Serum Oil Brush Nourish Head Hair Growth Hair Re,3.99,0.0,19,75.81,HIGH
Scalp Applicator Liquid Comb Mini Scalp Massage Brush Essential Oil Guiding Mass,3.99,0.0,19,75.81,HIGH
Lenovo AI Wireless Translator Earphones — Real-Time 144 Language Translation,3.99,0.0,19,75.81,HIGH
Women's Clothing Western Tops 2024 hot autumn new waist cinched round neck tight,3.99,0.0,19,75.81,HIGH
Scalp Massage Comb Liquid Serum Oil Brush Nourish Head Hair Growth Hair Regrowth,2.99,0.0,22,65.78,HIGH
