Title,Category,Price,Compare At Price,Cost,Price Difference,Discount %,Profit Margin,Pricing Status,Product Status
"Summer innovative design EVA men's shoes, soft and lightweight home slippers, suitable for indoor and outdoor leisure activities",Uncategorised,7.99,4.99,3.12,-3.0,-60.1,4.87,Misleading Discount,active
,Uncategorised,7.99,4.86,2.99,-3.13,-64.4,5.0,Misleading Discount,
New Summer Mens Breathable Mesh Running Shoes Lightweight Sports Sneakers Fashion Trendy Brand,Uncategorised,46.99,20.41,18.55,-26.58,-130.2,28.44,Misleading Discount,active
"2025 New Men's Casual Slip-Ons - Durable, Comfortable, Breathable & Stylish Half-Slippers",Uncategorised,44.99,19.8,17.93,-25.19,-127.2,27.06,Misleading Discount,active
New Casual Orthopedics Wide Feet Swollen Shoes Thumb Eversion Adjusting Soft Comfortable Diabetic Shoe Walking Shoes,Uncategorised,28.99,13.2,11.33,-15.79,-119.6,17.66,Misleading Discount,active
2025 New Men Sportswear Fitness Top Gym Shirts Quick-drying Breathable Slim Long-sleeved T-shirt Running Training Clothes Autumn,Uncategorized,14.99,7.75,5.88,-7.24,-93.4,9.11,Misleading Discount,active
Male Pants Stretch Solid Black Smart Casual Men's Trousers Office Quick Dry Suit Pants New Spring Autumn Korean Straight Pants,Uncategorized,20.99,10.2,8.34,-10.79,-105.8,12.65,Misleading Discount,active
Hawaii Shirts for Men 3D Paisley Graphic Short-sleeved T-shirt Casual Lapel Buttons Male Tops Summer Oversized Bohemian Man Tees,Uncategorized,14.99,7.73,5.86,-7.26,-93.9,9.13,Misleading Discount,active
Men's summer 100% cotton fashionable casual loose coconut tree pattern printed sports round neck short sleeved T-shirt top,Uncategorised,18.99,9.27,7.4,-9.72,-104.9,11.59,Misleading Discount,active
Red And Black Plaid Shirt Men Shirts 2026 New Summer Fashion Chemise Homme Mens Checkered Shirts Short Sleeve Shirt Men Blouse,Uncategorised,12.99,6.76,4.89,-6.23,-92.2,8.1,Misleading Discount,active
Retro Men's T-Shirt Gym American Flag Print Casual Crew Neck Short Sleeve Top Outdoor Loose-Fit Sweatshirt Streetwear Pullover,Uncategorised,5.99,4.0,2.14,-1.99,-49.8,3.85,Misleading Discount,active
2024 Mens Print Pants Autumn/Winter New In Men's Clothing Trousers Sport Jogging Fitness Running Trousers Harajuku Streetwear,Uncategorized,12.99,7.07,5.2,-5.92,-83.7,7.79,Misleading Discount,active
2025 Fashion Men Wool & Blends Mens Casual Business Trench Coat Mens Leisure Overcoat Male Punk Style Blends Dust Coats Jackets,Uncategorised,24.99,11.69,9.82,-13.3,-113.8,15.17,Misleading Discount,active
Hat Men Version Tide Solid Color Flat Baseball Caps Cotton Blend Cap Men Side Button Duck Tongue Hat Sunscreen Sports Hat,Uncategorized,8.99,5.25,3.38,-3.74,-71.2,5.61,Misleading Discount,active
Men's trousers summer casual pants new men's clothing fitness and sports sprint sports suit Bahia Port streetwear thin pants,Uncategorized,20.99,9.96,8.1,-11.03,-110.7,12.89,Misleading Discount,active
2026 New Men's Sportswear Short Sleeved T-shirt and Sports Shorts Summer Casual Jogging Pants Set Men's Two-piece Set,Uncategorised,17.99,8.84,6.97,-9.15,-103.5,11.02,Misleading Discount,active
Trousers Versatile Mens Sweatpants Trend Print Pants Outdoors Sports Daily Casual Tracksuit Trousers Seaside Jogging Man Pants,Uncategorized,23.99,11.32,9.46,-12.67,-111.9,14.53,Misleading Discount,active
Autumn Men's Wide Loose Casual Pants Mens Patchwork Nine-point Sports  Elastic Rope Breathable Tie-foot Trousers,Uncategorized,16.99,8.5,6.63,-8.49,-99.9,10.36,Misleading Discount,active
Men Women Print T-shirt Fashion Hip Hop Metal Gothic Rock T Shirt Loose Streetwear Summer Loose Sport T Shirt Y2K Short Sleeve,Uncategorized,9.99,5.7,3.83,-4.29,-75.3,6.16,Misleading Discount,active
Men's Tracksuit 2 Piece O-neck Short Sleeve Shirt Shorts Set Men's Running Suit Plus Size T shirts Man Clothing Summer T-shirt,Uncategorized,11.99,6.43,4.57,-5.56,-86.5,7.42,Misleading Discount,active
Men Women Off Campus Briar University Jersey Graham 44 fans 22 DI LAURENTIS 66 Tucker46 T-shirt V-neck Short Sleeve Men t-shirt,Uncategorized,15.99,7.9,6.03,-8.09,-102.4,9.96,Misleading Discount,active
100% cotton breathable short sleeve T-shirt men's summer fashion luxury brand golf Paul embroidery loose casual round neck top,Uncategorized,36.99,16.31,14.44,-20.68,-126.8,22.55,Misleading Discount,active
Tung Sahur Graphic Printed T-Shirt Men Summer Casual Loose Fashion Funny Round Neck Short Sleeve Tops Clothing T-shirt Unisex,Uncategorized,17.99,8.74,6.87,-9.25,-105.8,11.12,Misleading Discount,active
2024 NEW Summer Running Shorts Men Sports Jogging Fitness Shorts Quick Dry Mens Gym Men Shorts mesh gyms Shorts Men's sweatpants,Uncategorized,12.99,7.01,5.14,-5.98,-85.3,7.85,Misleading Discount,active
Mens Bodybuilding Sports Tight T-shirt Summer Compression Turtleneck Short Sleeve Gym Fitness Running Quick Dry Male Workout Top,Uncategorized,14.99,7.75,5.88,-7.24,-93.4,9.11,Misleading Discount,active
Summer Mens Cargo Shorts Bermuda Cotton High Quality Hot Sale Army Military Multi-pocket Casual Male's Outdoor Short Pants,Uncategorized,22.99,10.8,8.93,-12.19,-112.9,14.06,Misleading Discount,active
Men's sleeveless fitness shirt anime M sports leisure jogging fast drying summer training clothes fitness men,Uncategorized,10.99,6.11,4.24,-4.88,-79.9,6.75,Misleading Discount,active
2026 New Rozanov 81 Boston Raiders 100%cotton men's shirt Graphics heated rival oversized Women's Short Sleeved Cheap Tshirt,Uncategorized,22.99,10.68,8.81,-12.31,-115.3,14.18,Misleading Discount,active
New men's dress shirt long sleeve thin free ironing business casual slim-fit fashion breathable high quality solid color,Uncategorized,17.99,8.77,6.9,-9.22,-105.1,11.09,Misleading Discount,active
100% Cotton T-shirt Men Women Solid Color O Neck Short-sleeved Tops Summer Korean Loose Half-sleeve T Shirt Unisex M-4XL,Uncategorized,13.99,7.14,5.28,-6.85,-95.9,8.71,Misleading Discount,active
"2025 Men's trousers for autumn and winter, men's casual pants, fashionable soft sportswear pants, jogging sports logo print",Uncategorized,14.99,7.55,5.69,-7.44,-98.5,9.3,Misleading Discount,active
Men Sport T-shirt Quick Dry Bodybuilding Running Shirt Long Sleeve Compression Top Gym T Shirt Men Fitness Tight Rashgard,Uncategorized,11.99,6.64,4.77,-5.35,-80.6,7.22,Misleading Discount,active
1/2pcs Autumn  Winter Men's High Neck T-shirt Slim Fit Fashion High Elastic Long Sleeve Casual Breathable Apparel Pullover,Uncategorized,8.99,5.27,3.4,-3.72,-70.6,5.59,Misleading Discount,active
Pure White 260g Heavy T-shirt Men's Summer Pure Cotton Short-sleeved New Men's and Women's Streetwear,Uncategorized,11.99,6.33,4.46,-5.66,-89.4,7.53,Misleading Discount,active
Men's Casual and Fashionable Long Sleeved Solid Color Shirt Non Ironing and Wrinkle Resistant Business Top,Uncategorized,12.99,6.85,4.98,-6.14,-89.6,8.01,Misleading Discount,active
Summer men's round neck breathable T-shirt with cartoon bear print pattern suitable for daily and weekend gifting to friends,Uncategorized,7.99,4.88,3.01,-3.11,-63.7,4.98,Misleading Discount,active
Summer Men T-shirt High Quality Cotton Blend Funny Banana Printing Loose O-neck Men Short Sleeve Casual For Male T-shirt Top Tee,Uncategorized,10.99,6.07,4.21,-4.92,-81.1,6.78,Misleading Discount,active
Men's Polo Shirt Golf Shirt Graphic Prints V Neck Outdoor Street Short Sleeves Print Clothing Sports Fashion Streetwear Designer,Uncategorised,13.99,7.17,5.31,-6.82,-95.1,8.68,Misleading Discount,active
Women's Elegant Two-Piece Set Shiny Dress with Lace Interior Long Sleeve Autumn Occasion Fashionable Female Clothing,Uncategorised,55.99,23.95,22.07,-32.04,-133.8,33.92,Misleading Discount,active
"Women's Elegant Islamic Clothing, Pink Embroidered Robe, Loose Batwing Sleeve Arab Abaya",Uncategorised,40.99,17.95,16.07,-23.04,-128.4,24.92,Misleading Discount,active
Evening Dresses for Women 2024 Party Dress Women Clothing Birthday Dress for Woman Long Dresses Fall Clothes Long Dresses,Uncategorised,35.99,16.01,14.14,-19.98,-124.8,21.85,Misleading Discount,active
Underwear Dress Women Striped Perspective Hollow Tight Short Dresses Women Clothing Dress Summer Sheer Breathable Camisole Skirt,Uncategorised,7.99,5.0,3.13,-2.99,-59.8,4.86,Misleading Discount,active
"temperament women's clothing new spring and summer styles: high-waisted midi skirts, high-neck loose",Uncategorised,43.99,19.46,17.59,-24.53,-126.1,26.4,Misleading Discount,active
"New autumn and winter  fashion women's clothing, oversized with an irregular hem, solid color, heart-shaped",Uncategorised,41.99,18.67,16.8,-23.32,-124.9,25.19,Misleading Discount,active
evening dresses  for women 2022 party dress women clothing birthday dress for woman long dresses fall clothes 2022,Uncategorised,26.99,12.39,10.51,-14.6,-117.8,16.48,Misleading Discount,active
Women's Fashion Print Dress For Women Casual Sexy Deep V Neck Lace-Up Loose Dresses Robe Femme Summer Holiday Womens Clothing,Uncategorised,18.99,9.3,7.42,-9.69,-104.2,11.57,Misleading Discount,active
Coordinated Women Clothing Breathable Summer Outfit Women’s Batwing Sleeve Linen Two-piece Set Shirt Wide Leg Pants Outfit,Uncategorised,20.99,9.96,8.08,-11.03,-110.7,12.91,Misleading Discount,active
Casual Dress Dresses 2025 Woman Simple Style Vestido Women's Clothing All-match Temperament Elegant Loose Quarter Sleeve Printed,Uncategorised,17.99,9.0,7.13,-8.99,-99.9,10.86,Misleading Discount,active
Women's clothing 2025 spring/summer new fashionable slim fit round neck pleated bag hip irregular sleeveless dress,Uncategorised,41.99,18.67,16.79,-23.32,-124.9,25.2,Misleading Discount,active
Casual Woman Clothing  Summer Two Piece Set for Women T-Shirts O-Neck Shorts Daily Short Sleeve Tracksuit  Matching,Uncategorised,25.99,11.94,10.07,-14.05,-117.7,15.92,Misleading Discount,active
Women's Clothing Dresses For Ladies Spaghetti Strap Vestido Simple Style Temperament Printed Slim Sling Sleeveless Contrast,Uncategorised,20.99,10.01,8.13,-10.98,-109.7,12.86,Misleading Discount,active
Women Clothing 2 Pieces Print Long Sleeve Shirt Top and Pleated Mini Skirt Luxury Fashion Wear Elegant Party Birthday Dress Set,Uncategorised,43.99,19.13,17.25,-24.86,-130.0,26.74,Misleading Discount,active
Women's Clothing New  Style Dress,Uncategorised,74.99,31.73,29.85,-43.26,-136.3,45.14,Misleading Discount,active
Women's Clothing Autumn New Item Satin Dress Pleated Versatile Dress Women's Versatile Fashion Dress,Uncategorised,31.99,14.39,12.52,-17.6,-122.3,19.47,Misleading Discount,active
Women's Clothing Western Tops 2024 hot autumn new waist cinched round neck tight long sleeved top Europe America T-Shirts Tees,Uncategorised,3.99,3.43,1.55,-0.56,-16.3,2.44,Misleading Discount,active
Summer New Women Clothing Elegant Office Dresses Pleated Woman Notched Collar Half Sleeve Belt Waisted Mid Female Vestidos,Uncategorised,46.99,20.35,18.47,-26.64,-130.9,28.52,Misleading Discount,active
White Dress For Women Casual Sexy V-neck Packed Hip Dresses Women Clothing 2022 Wedding Retro Sundress Midi Dress For Women,Uncategorised,26.99,12.55,10.67,-14.44,-115.1,16.32,Misleading Discount,active
Women's Pants & Camis Sports Clothing Summer Streetwear Fashion New Striped 2 Piece Casual Slim Elegant Female Knitted Clothing,Uncategorised,38.99,17.41,15.53,-21.58,-124.0,23.46,Misleading Discount,active
Women's Clothing 2025 New Fashion Casual Halter Neck Solid Color Sleeveless Suit Wide Leg Pants Trousers Two-piece Suit,Uncategorised,56.99,24.59,22.72,-32.4,-131.8,34.27,Misleading Discount,active
Women's Clothing  Spring New Fashion Temperament Sexy Slim Fit Versatile High Waist Perspective Skirt Long Dress,Uncategorised,43.99,19.09,17.21,-24.9,-130.4,26.78,Misleading Discount,active
"Personalized Prints, Contrasting Color Designs, Women's Suits, Short-Sleeved Tops and Pants for Spring and Summer, Casual Sports Two-Piece Outfits for Women, Suitable for Daily Commuting, Street Strolls, and Campus Outings, W",Uncategorised,44.99,19.52,17.64,-25.47,-130.5,27.35,Misleading Discount,active
Elegant Dresses for Women V Neck Flare Sleeve High Waisted Pleated A Line Mid Calf Luxury Birthday Party Dinner Vestidos Mujer,Uncategorised,18.99,9.39,7.51,-9.6,-102.2,11.48,Misleading Discount,active
Women's clothing 2025 autumn new style sweet and fresh striped V-neck batsleeves loose large-size dress long dress,Uncategorised,34.99,15.62,13.75,-19.37,-124.0,21.24,Misleading Discount,active
Women Clothing Wholesale Summer Ladies Fashion Dresses High Quality Stretch Sleeveless Dresses,Uncategorised,95.99,40.19,38.31,-55.8,-138.8,57.68,Misleading Discount,active
Winter Women's Clothing Sexy Backless Bodycon Dress For Woman Elegant Evening Wear Stretch Polyester High Slit Knotted Detail,Uncategorised,36.99,16.36,14.49,-20.63,-126.1,22.5,Misleading Discount,active
Women's Clothing European American Fashion Casual Sports Autumn Winter Solid Color Drawstring Long-sleeved Suit Pant Sets,Uncategorised,54.99,23.69,21.82,-31.3,-132.1,33.17,Misleading Discount,active
Women's clothing  spring new design ruffle edge horn sleeve lace-up top versatile shirt,Uncategorised,41.99,18.63,16.75,-23.36,-125.4,25.24,Misleading Discount,active
Women's Clothing 2025 Spring And Summer New Sweet And Fresh V-neck Long Sleeved Irregular Hem Shirt Women's Top,Uncategorised,20.99,10.26,8.38,-10.73,-104.6,12.61,Misleading Discount,active
Women's Clothing Autumn Christmas Printed Tight Hip-hugging Dress Long-sleeved Slimming T-shirt Short Skirt,Uncategorised,38.99,17.46,15.58,-21.53,-123.3,23.41,Misleading Discount,active
Woman Clothing  Summer Casual Two Piece Set Women T-Shirts O-Neck Shorts Daily Short Sleeve Tracksuit  New,Uncategorised,23.99,11.37,9.5,-12.62,-111.0,14.49,Misleading Discount,active
Women's Clothing 2024 Spring Summer New Fashionable Printed Temperament Slim Fit Sexy Sleeveless Tight Fitting Dress,Uncategorised,14.99,7.53,5.65,-7.46,-99.1,9.34,Misleading Discount,active
Woman Clothes Tops V Elegant Knit Cardigan For Women With V Neck Tie Waist And Flared Hem Autumn And Winter Workwear Top,Uncategorised,49.99,21.64,19.76,-28.35,-131.0,30.23,Misleading Discount,active
"Women's clothing autumn new style elegant and fashionable banquet dress, grand display dress, African party bridesmaid dress",Uncategorised,33.99,15.18,13.3,-18.81,-123.9,20.69,Misleading Discount,active
Women's Clothing Trend 2025 Spring Long Sleeve High Waist Evening Dresses Sexy V Neck Floral Printed Boho Holiday Dress Vestidos,Uncategorised,56.99,24.4,22.52,-32.59,-133.6,34.47,Misleading Discount,active
Ladies Dress Autumn Women Hooded Dresses Hoodies Women Sweatshirts Women Hoodies Dress Tops Ladies Clothing,Uncategorised,17.99,8.82,6.95,-9.17,-104.0,11.04,Misleading Discount,active
Woman Clothing Versatile Sweatshirts Casual Hoodies Comfortable Pullovers Slim Fit Soft Striped Lazy Style Jogging Daily Women's,Uncategorised,23.99,11.46,9.59,-12.53,-109.3,14.4,Misleading Discount,active
Women's clothing  fashion with belt elastic Midi dress,Uncategorised,25.99,12.21,10.34,-13.78,-112.9,15.65,Misleading Discount,active
Women Suit Blazer Elegant Coat 2025 Spring Autumn Fashion Korean Blazer Luxury Double Breasted Jacket Solid Ladies Tops Clothes,Uncategorised,28.99,13.19,11.32,-15.8,-119.8,17.67,Misleading Discount,active
Women Nightwear Home Clothes Sexy Black Floral Printing Nightdress Sleepwear Nightshirts Silk Sleepshirts Nightgowns For Woman,Uncategorised,11.99,6.6,4.73,-5.39,-81.7,7.26,Misleading Discount,active
Maternity Clothes for Pregnant Women Pregnancy Clothing 2025 Autumn Winter Adjustable Waist Fashionable Loose Corduroy Overalls,Uncategorised,40.99,18.05,16.18,-22.94,-127.1,24.81,Misleading Discount,active
Elegant Dresses for Woman Clothes V Neck Bodycon Mini Dress Long Sleeve Double Button High Slit Gown  ﻿,Uncategorised,13.99,7.46,5.58,-6.53,-87.5,8.41,Misleading Discount,active
Fashion Women Knitted Clothes Set Femal Knitting Tops Skirts Woman Autumn Winter Knit Outfits Clothing,Uncategorised,20.99,10.12,8.24,-10.87,-107.4,12.75,Misleading Discount,active
Women Clothes Cat It's Fine I'm Fine Everything Is Fine Print T-shirts Summer Casual  Fashion Personalized Woman Clothing,Uncategorised,13.99,7.19,5.31,-6.8,-94.6,8.68,Misleading Discount,active
Woman Work Clothes Suit Hotel Waiter Beauty Salon Spa Massage Nail Cafe Sexy Foot Bath Sauna Technician Overall Skirt Uniform,Uncategorised,32.99,14.9,13.02,-18.09,-121.4,19.97,Misleading Discount,active
Women's Clothing New Autumn Winter Dress Solid Color Round Neck Swing Pocket Swing,Uncategorised,36.99,16.57,14.69,-20.42,-123.2,22.3,Misleading Discount,active
Women Clothes Shirts for Women T-shirts Y2k Tops Vintage Women Clothing Fashion Casual Elegant Summer Embroidery Ethnic Style,Uncategorised,35.99,16.16,14.28,-19.83,-122.7,21.71,Misleading Discount,active
dresses for women 2022 dress summer dresses sexy birthday dress for women clothes summer clothes for woman 2022,Uncategorised,26.99,12.64,10.76,-14.35,-113.5,16.23,Misleading Discount,active
African Clothes For Women Fashion  Basin Embroidery Design Dresses Top With Pants,Uncategorised,45.99,20.14,18.27,-25.85,-128.4,27.72,Misleading Discount,active
Women Clothes Sexy Fashion Long Dress Ladies Elegant Slim Solid Dresses Office Lady Club Dress Party Clothing Bodycon Dress,Uncategorised,49.99,21.59,19.71,-28.4,-131.5,30.28,Misleading Discount,active
Woman's Clothes Long Dresses 2025 New Style New Slit Bronzing Dress Long Skirt Evening Dress Sexy Outfits Women Female Clothing,Uncategorised,35.99,16.04,14.16,-19.95,-124.4,21.83,Misleading Discount,active
Women's Clothing Early Autumn White Blouses New French High-end Shirts Luxury Design White Shirts Tops Light Mature Style,Uncategorised,33.99,15.22,13.34,-18.77,-123.3,20.65,Misleading Discount,active
Modern Dance Clothes Women  V-Neck Seamless Short Sleeve T-Shirt Elegant Stage Costume Basic Training Tops Casual Summer Blouse,Uncategorised,17.99,8.83,6.96,-9.16,-103.7,11.03,Misleading Discount,active
Women Evening Dresses Sexy Elegant Red Cocktail Party Chic Gala Graduation Luxury Formal Occasion Bridesmaid Gown Dress Clothes,Uncategorised,57.99,24.79,22.91,-33.2,-133.9,35.08,Misleading Discount,active
Fashion Clothes Vintage Dress for Women Clothing Streetwear Traditional Chinese Clothing Cheongsams Chinese Qipao Ethnic Style,Uncategorised,21.99,10.41,8.53,-11.58,-111.2,13.46,Misleading Discount,active
Women White Dress Lace Up Sexy Midi Vestidos Ruffles Sleeveless Bodycon Female Dresses 2022 Buttons Belt Elegant Ladies Clothes,Uncategorised,36.99,16.47,14.6,-20.52,-124.6,22.39,Misleading Discount,active
Women's Clothing 2025 Autumn/Winter Elegant Slim-Fit Turtleneck Solid Color Sweater Dress,Uncategorised,26.99,12.58,10.7,-14.41,-114.5,16.29,Misleading Discount,active
10 Ml Scalp Massage Comb Liquid Serum Oil Brush Nourish Head Hair Growth Hair Regrowth Hair Roots Comb Anti Hair Articles Tools,Uncategorised,3.99,3.32,1.48,-0.67,-20.2,2.51,Misleading Discount,active
"Scalp Massager Hair Growth Scalp Scrubber with Soft Silicone Bristles for Hair Growth Dandruff Removal, Hair Shampoo Brush Scalp",Uncategorised,16.99,8.52,6.68,-8.47,-99.4,10.31,Misleading Discount,active
5ML Scalp Applicator Liquid Comb For Hair Growth Serum Oil Nourish Mini Portable Hair Roots Massage Medicine Comb Hair,Uncategorised,5.99,4.2,2.36,-1.79,-42.6,3.63,Misleading Discount,active
Scalp Applicator Liquid Comb Mini Scalp Massage Brush Essential Oil Guiding Massager Hair Growth Oil Applicator Hair Care Tools,Uncategorised,3.99,3.1,1.26,-0.89,-28.7,2.73,Misleading Discount,active
Hair Essential Care Serum Strengthen Roots Reducing Loss Prevent Baldness Nourish Scalp Hair Care Anti-Hair Loss Conditioner,Uncategorised,18.99,9.4,7.56,-9.59,-102.0,11.43,Misleading Discount,active
Electric Laser Hair Growth Comb Red Blue Light Magnetic Therapy Head Massage Brush Anti Hair Loss  Hair Treatment Scalp Massager,Uncategorised,38.99,17.31,15.47,-21.68,-125.2,23.52,Misleading Discount,active
Electric Spray Massage Comb Hair Growth Vibration Head Massager Brush LED Anti Hair Loss Scalp Liquid Medicine Atomizing Comb,Uncategorised,12.99,6.77,4.93,-6.22,-91.9,8.06,Misleading Discount,active
Mini Scalp Applicator Comb 1-3 Comb Head Massager Roller Ball Brush for Hair Growth Essential Oil Liquid Medicine Massage,Uncategorised,6.99,4.42,2.58,-2.57,-58.1,4.41,Misleading Discount,active
"Hair Serum With Built-In Brush,Hair Nourishing Strengthening Essence,Improve Scalp Environment,Scalp Massager,Korean Hair Care",Uncategorised,17.99,8.8,6.95,-9.19,-104.4,11.04,Misleading Discount,active
Hair Growth Serum Anti Loss Regrowth Hair Growth Oil Prevent Baldness Repair Damage Scalp Massage Moisturizing Nourish Hair Care,Uncategorised,18.99,9.07,7.22,-9.92,-109.4,11.77,Misleading Discount,active
Scalp Liquid Applicator Comb - For Hair Growth Serum/Essential Oil Guiding & Scalp Massage,Uncategorised,11.99,6.37,4.52,-5.62,-88.2,7.47,Misleading Discount,active
Hair Growth Spray Ginger Massage Scalp Damaged Treatment Solution Nourish Roots Fast Grow Anti Hair Loss Serum Beauty Health,Uncategorised,17.99,8.8,6.95,-9.19,-104.4,11.04,Misleading Discount,active
Scalp Applicator Liquid Comb Portable Liquid Guiding Massager Comb Bottle Applicator Brush for Hair Growth Serum Oil Apply,Uncategorised,7.99,4.91,3.07,-3.08,-62.7,4.92,Misleading Discount,active
Scalp Massage Comb Liquid Serum Oil Brush Nourish Head Hair Growth Hair Regrowth Hair Roots Comb Anti Hair Articles Tools,Uncategorised,2.99,2.93,1.08,-0.06,-2.0,1.91,Misleading Discount,active
Mini Portable Scalp Applicator Liquid Comb Hair Roots Massage Medicine Comb Hair For Hair Growth Serum Oil Nourish,Uncategorised,6.99,4.3,2.45,-2.69,-62.6,4.54,Misleading Discount,active
Silicone Head Scalp Massage Comb Hair Washing Brush Soft Scalp Massager for Hair Growth Shampoo Brush Shower Comb Hair Care,Uncategorised,4.99,3.55,1.7,-1.44,-40.6,3.29,Misleading Discount,active
"Hair care serum, gently nourishing, massages the scalp, moisturizes and smooths hair, hair care spray",Uncategorised,7.99,4.93,3.09,-3.06,-62.1,4.9,Misleading Discount,active
Hair Scalp Massager for Hair Care Scalp Scrubber Shampoo Brush & Exfoliator for All Hair Types Relaxing & Exfoliating,Uncategorised,8.99,5.15,3.3,-3.84,-74.6,5.69,Misleading Discount,active
LED Photon Therapy Facial Slimming Vibration Massager Facial Lifting Device Facial Heated Double Chin V Face Vibration Massager,Uncategorised,20.99,9.89,8.04,-11.1,-112.2,12.95,Misleading Discount,active
LED Infrared Therapy Chin Strap with V-shaped Face Lift LED Photon Therapy Facial Slimming Pad Wearable Pain Relief Tool Strap,Uncategorised,44.99,19.76,17.91,-25.23,-127.7,27.08,Misleading Discount,active
LED Beauty Light Red Blue Light Device Professional Facial Rejuvenation Lam Spa Skin Care,Uncategorised,20.99,9.87,8.02,-11.12,-112.7,12.97,Misleading Discount,active
LED Light Mask Helmet Halloween Christmas PV Darth Vader Mask Soldiers Luminous Masks,Uncategorised,8.99,5.44,3.59,-3.55,-65.3,5.4,Misleading Discount,active
4 in 1 with Neck Led Light Therapy Infrared Flexible Soft Mask Silicone 4 Color Led Therapy Anti Aging Advanced Photon Mask New,Uncategorised,83.99,35.26,33.41,-48.73,-138.2,50.58,Misleading Discount,active
"Red Light Therapy for Face/Neck, 7 Color LED Facial Light Therapy Wand  Portable Face Neck Massager Wand for Skin Care",Uncategorised,31.99,14.28,12.43,-17.71,-124.0,19.56,Misleading Discount,active
LED red panel light facial anti-aging skin care beauty 144 LED light body physiotherapy tools yoga relaxation lamp,Uncategorised,75.99,32.21,30.37,-43.78,-135.9,45.62,Misleading Discount,active
Red Light Therapy Eye Mask Rechargeable Anti Aging Wrinkle Reduction Treatment Eye Care Device Skin Rejuvenation Facial Beauty,Uncategorised,69.99,29.8,27.96,-40.19,-134.9,42.03,Misleading Discount,active
Smart LED Face Masks Programmable Bluetooth APP Control Change Face DIY Photoes for Party Display LED Light Mask for Halloween,Uncategorised,85.99,35.89,34.04,-50.1,-139.6,51.95,Misleading Discount,active
Electric Heating Massage Red Light Therapy Face Mask Massage for Facial Nerve Paralysis Rehabilitation Improve Blood Circulation,Uncategorised,30.99,14.23,12.38,-16.76,-117.8,18.61,Misleading Discount,active
LED Mask with Gesture Sensing for Halloween Party Festival Performance Kids Luminous Mask NEW Children Electronic Light up Mask,Uncategorised,59.99,25.5,23.65,-34.49,-135.3,36.34,Misleading Discount,active
LED Red Light Therapy Panel Lamp for Facial Anti Aging Skin Care Beauty 225 LED Light Body Pain Relief Physical Therapy Tools,Uncategorised,60.99,26.16,24.32,-34.83,-133.1,36.67,Misleading Discount,active
Electric Heated Facial Mask Red Light Therapy Facial Massager Relieves Facial Spasms Muscle Stiffness Jaw Ache Stress Relief,Uncategorised,52.99,22.83,20.98,-30.16,-132.1,32.01,Misleading Discount,active
LED DJ Mask Headgear Lifelike Marshmello Mask Breathable Helmet Mask Carnival Festival Halloween Party Props Cosplay.Costume,Uncategorised,18.99,9.29,7.45,-9.7,-104.4,11.54,Misleading Discount,active
NEW LED Red Light Therapy Full Body Infrared Lamp for Facial Light Treatment Anti Aging Beauty Devices Relieve overall skin pain,Uncategorised,136.99,56.57,54.72,-80.42,-142.2,82.27,Misleading Discount,active
7 Colors LED Face Neck Mask Rechargeable LED Photon Beauty Mask Machine Facial Lifting Skin Care Tool,Uncategorised,46.99,20.32,18.47,-26.67,-131.2,28.52,Misleading Discount,active
LED Red Light Photon Therapy Face Mask Beauty Instrument Facial SPA Acne Wrinkle Removal Skin Rejuvenation Anti Age Device,Uncategorised,19.99,9.8,7.96,-10.19,-104.0,12.03,Misleading Discount,active
LED Red Light Therapy Panel Lamp for Facial Anti Aging Skin Care Beauty 225pcs LED Light Body Pain Relief Physical Therapy,Uncategorised,70.99,29.99,28.14,-41.0,-136.7,42.85,Misleading Discount,active
Portable Handheld Insulated Water Bottle 24H Thermal Retention Stainless Steel Leakproof Vacuum Thermos Bottle,Uncategorised,24.99,11.64,9.79,-13.35,-114.7,15.2,Misleading Discount,active
304 Stainless 500ml Steel Vacuum Insulated Water Bottle Portable Coffee Bottle Office Gift Set Business Style Travel Thermal Mug,Uncategorised,17.99,9.0,7.16,-8.99,-99.9,10.83,Misleading Discount,active
Sports Water Bottle with Time-Tracking Straw Leak Proof Locking Flip Cover for Easy Carry Ideal for Outdoor Adventures,Uncategorised,6.99,4.57,2.73,-2.42,-53.0,4.26,Misleading Discount,active
LED Lights RGB Strip Smart Music Sync Color Changing Strip Lights Remote App Control LED Light for TV BackLight Room Home Party,Uncategorised,9.99,5.84,4.0,-4.15,-71.1,5.99,Misleading Discount,active
Customize Insulated Stainless Steel Water Bottle with Straw - Ideal for Outdoor Leakproof & BPA-Free Perfect Gift for Men & Wome,Uncategorised,21.99,10.29,8.44,-11.7,-113.7,13.55,Misleading Discount,active
Led Strip Lights with 44 Key Remote Control 1m 5m 10m 20m RGB Tape Led Wall Room for Home Bedroom Party Decor TV Backlight,Uncategorised,10.99,5.97,4.12,-5.02,-84.1,6.87,Misleading Discount,active
Smart Gaming LED Strip Lights 24-34 Inch Computer Screen Backlight USB PC LED Backlight for Gaming Room Atmosphere Decoration,Uncategorised,17.99,8.95,7.11,-9.04,-101.0,10.88,Misleading Discount,active
RGB Led Strip Light 12V SMD5050 5M 10M 15M 20M Smart Bluetooth Flexible Tape Lamp Remote Control Christmas Holiday Decoration,Uncategorised,44.99,19.65,17.8,-25.34,-129.0,27.19,Misleading Discount,active
"LED Strip Lights RGB 3535 ,5V 1M-30M,16 million colors, RGB , Led Strip Lighting Music Sync, Color Changing for Party Home",Uncategorised,7.99,4.74,2.9,-3.25,-68.6,5.09,Misleading Discount,active
12V LED Strip SMD 2835 1M 2M 3M 4M 5M LED Stripe Tape Light 120LED/M 240LED/M Warm White Flexible Strip Ribbon Home Decor Light,Uncategorised,10.99,6.06,4.21,-4.93,-81.4,6.78,Misleading Discount,active
Smart RGB LED Strip Light 20M Fairy String Lights W/ APP Control Music Sync 12 Modes USB Powered for Xmas Home Decor,Uncategorised,17.99,9.02,7.17,-8.97,-99.4,10.82,Misleading Discount,active
Smart Led Strip Lights With Remote Control With-remote Rgb Light Bar Lamp Sync With-music Atmosphere Decoration Desktop For-room,Uncategorised,16.99,8.56,6.71,-8.43,-98.5,10.28,Misleading Discount,active
Smart USB LED Strip RGBIC Color Changing Computer Screen Color Sync Back Light Monitor Ambient Decor Windows Software Control,Uncategorised,31.99,14.37,12.52,-17.62,-122.6,19.47,Misleading Discount,active
LED Car Music Light Strip 48LEDs USB Smart Bluetooth APP Control Waterproof Multi-color RGB Car Interior Atmosphere Light Strip,Uncategorised,13.99,7.35,5.5,-6.64,-90.3,8.49,Misleading Discount,active
Smart Led Lights Strip TV Smart Bedroom Lighting Bluetooth Usb Led Strip Rgb 5V Adhesive Led Tape 5050 Wall Room Decoration,Uncategorised,10.99,6.21,4.37,-4.78,-77.0,6.62,Misleading Discount,active
Led Lights for Room Music Sync RGB Led Strip Lights 10m 20m 30m Flexible Ribbon for Room Bedroom Decor TV Backlights,Uncategorised,19.99,9.62,7.78,-10.37,-107.8,12.21,Misleading Discount,active
Smart LED Gaming Strip Light Computer Monitor Backlight Sync Strip Light RGB Light Bar Screen USB Gaming Bedroom Decor Lamp,Uncategorised,51.99,22.6,20.75,-29.39,-130.0,31.24,Misleading Discount,active
Smart LED Strip Lights with Adhesive Backing，RGB 16 Million Colors Strip Lamp with App/Remote，Adjustable Brightness，Music Sync,Uncategorised,16.99,8.44,6.59,-8.55,-101.3,10.4,Misleading Discount,active
Smart LED Strip Lights 1m-20m Music Sync RGB 5V with App & Remote Control for Christmas Party Room Decoration Lighting,Uncategorised,7.99,5.02,3.18,-2.97,-59.2,4.81,Misleading Discount,active
Smart LED Strip Light Supports App and Remote Control Features RGB Color-changing Can Sync with Music for Rooms Parties Decora,Uncategorised,8.99,5.11,3.26,-3.88,-75.9,5.73,Misleading Discount,active
5-40M Smart RGB LED Strip Lights with Music Sync App & Remote Control - 16 Million Colors DC24V Durable LED Lights for Room Deco,Uncategorised,16.99,8.29,6.45,-8.7,-104.9,10.54,Misleading Discount,active
LED Lights Strip Smart TV Led Backlight USB RGB 5V Luces LED Neon Lighting App Control Rhythmic Sync Room Gaming Ambilight Lamp,Uncategorised,47.99,20.75,18.91,-27.24,-131.3,29.08,Misleading Discount,active
"Smart RGBIC LED Strip Light, Bluetooth, USB, 20m, Waterproof, String Light, Room, Outdoor, Garden, Fairy Lights, DIY Decoration",Uncategorised,25.99,12.19,10.35,-13.8,-113.2,15.64,Misleading Discount,active
12V Portable Car Vacuum Cleaner Handheld Wet Dry Powerful Suction Auto Cleaning Cordless Rechargeable for Vehicle Detailing,Uncategorised,53.99,23.2,21.35,-30.79,-132.7,32.64,Misleading Discount,active
"Cordless Handheld Vacuum Cleaner 3500Pa High Power Car Vacuum Portable Mini Vacuum With Advanced Brushless Motor,3 Nozzle",Uncategorised,15.99,8.22,6.37,-7.77,-94.5,9.62,Misleading Discount,active
Cordless Handheld Home & Car Vacuum Cleaner 2-in-1 Blowing and Suction USB Rechargeable Small and Portable with Washable Filter,Uncategorised,11.99,6.52,4.67,-5.47,-83.9,7.32,Misleading Discount,active
Car Cordless Vacuum Cleaner Portable Large Suction Household Cleaning Equipment Handheld Dust Collector Small Mini Dust Blower,Uncategorised,11.99,6.49,4.65,-5.5,-84.7,7.34,Misleading Discount,active
"Cordless USB rechargeable, cordless charging, with 3 accessories, car/home/pet handheld vacuum cleaner",Uncategorised,14.99,7.83,5.98,-7.16,-91.4,9.01,Misleading Discount,active
"Car vacuum cleaner, cordless, usb charging, strong suction, portable, powerful mini air cleaner for household appliances",Uncategorised,18.99,9.38,7.53,-9.61,-102.5,11.46,Misleading Discount,active
"Handheld Car Vacuum Cleaner, 15000PA Portable Cordless, Dual use of blowing and suctionMulti-Nozzles, for Car, Home, Pet, Office",Uncategorised,12.99,6.82,4.98,-6.17,-90.5,8.01,Misleading Discount,active
"Cordless Car Vacuum Cleaner Handheld, High Power Wet Dry Portable Vacuum Blower with One-Key Dust Emptying for Car Home Cleaning",Uncategorised,79.99,33.77,31.92,-46.22,-136.9,48.07,Misleading Discount,active
Wireless Handheld Vacuum Cleaner Cordless Handheld Vacuum Chargeable Auto Vacuum for Home & Car & Pet Mini Vacuum Cleaner,Uncategorised,39.99,17.66,15.82,-22.33,-126.4,24.17,Misleading Discount,active
Wireless Handheld Vacuum Cleaner Cordless Handheld Chargeable Auto Vacuum for Home & Car & Pet Mini Vacuum Cleaner 50000Pa,Uncategorised,30.99,13.91,12.06,-17.08,-122.8,18.93,Misleading Discount,active
Air Purifiers Small Portable Hepa Filter Air Purifier Home Remove Smoke Odor Formaldehy for Car Bedroom Small Air Purifier,Uncategorised,32.99,15.0,13.16,-17.99,-119.9,19.83,Misleading Discount,active
Portable Electric Handheld Blender Rechargeable Travel Fruit Juicer Cup Mini Mixer for Smoothies Milkshakes,Uncategorised,20.99,10.05,8.21,-10.94,-108.9,12.78,Misleading Discount,active
"Handheld juicer, portable blender, USB charging juice maker, suitable for making smoothies, milkshakes, and fruit juices",Uncategorised,27.99,12.94,11.1,-15.05,-116.3,16.89,Misleading Discount,active
"Portable Blender Cup, Electric USB Juicer Blender, Mini Blender, Portable Blender for Milkshakes and Smoothies",Uncategorised,30.99,14.18,12.33,-16.81,-118.5,18.66,Misleading Discount,active
Portable Blender Electric Fruit Blender Durable Smoothies and Milkshakes Maker Rechargeable for Outdoors Camping Traveling,Uncategorised,33.99,15.34,13.49,-18.65,-121.6,20.5,Misleading Discount,active
6 Color 400ml Portable USB Blender Electric Travel Juicer Cup For Smoothie Milkshake Kitchen Mini Mixer Tool,Uncategorised,16.99,8.47,6.63,-8.52,-100.6,10.36,Misleading Discount,active
Portable Blender Electric Juicer 600ML Fruit Mixers 4000mAh USB Rechargeable Smoothie Mini Blender Multifunction Juice Maker,Uncategorised,27.99,12.92,11.07,-15.07,-116.6,16.92,Misleading Discount,active
Portable Blender Bottle Electric 6 Blades Multifunction Juice Blender Fresh Juice Smoothie Blender Ice CrushCup Food Processor,Uncategorised,19.99,9.6,7.76,-10.39,-108.2,12.23,Misleading Discount,active
Blender Kitchen Chopper Portable Stationary Blender For Smoothies Mixer Machine Electric Juicer Food Processor Multifunctional,Uncategorised,64.99,27.72,25.87,-37.27,-134.5,39.12,Misleading Discount,active
New Portable Juice Maker Blender for Shakes Smoothies 700ML Multiple Colors 12-Blades Fast Mixing 2 In 1 Blender Bottle Juicer,Uncategorised,44.99,19.81,17.97,-25.18,-127.1,27.02,Misleading Discount,active
Commercial Slushy Maker Machine Portable 3 Bowl Blender Smoothie Maker with Rotating Tank for Juice Beverage Shop Business,Uncategorised,2716.99,1088.51,1086.66,-1628.48,-149.6,1630.33,Misleading Discount,active
"Portable Milkshake and Smoothie Blender 10 Blades Powerful Juice Jug with USB Rechargeable for Home, Office, Sports, Outdoor.",Uncategorised,14.99,7.45,5.61,-7.54,-101.2,9.38,Misleading Discount,active
"Portable juicer, handheld blender, USB charging juice maker, suitable for making smoothies, milkshakes, and fruit juices",Uncategorised,37.99,16.78,14.94,-21.21,-126.4,23.05,Misleading Discount,active
"Portable blender, personal blender for milkshakes and smoothies, rechargeable and self-cleaning",Uncategorised,41.99,18.45,16.61,-23.54,-127.6,25.38,Misleading Discount,active
"Portable blender with 20oz cup, USB-C rechargeable, self-cleaning, cordless for smoothies, gym, office.",Uncategorised,36.99,16.41,14.56,-20.58,-125.4,22.43,Misleading Discount,active
"B89B-Portable Blender, Cordless USB Rechargeable Mini Smoothie Maker Multi-Functional Fruit Blender For Home Office Travel Usage",Uncategorised,68.99,29.17,27.33,-39.82,-136.5,41.66,Misleading Discount,active
"Portable Blender, Portable Cordless Juicer Fruit Juicers for Smoothies Bottle, 420ml Smoothie Blenders-A09G",Uncategorised,23.99,11.15,9.31,-12.84,-115.2,14.68,Misleading Discount,active
"Portable juicer, multifunctional blender, USB charging juice maker, suitable for making smoothies, milkshakes, and fruit juices",Uncategorized,34.99,15.48,13.63,-19.51,-126.0,21.36,Misleading Discount,active
Air Purifier HEPA Filter Negative Ion Automatic Formaldehyde PM2.5 Air Eliminator Round Car Interior Accessories,Uncategorized,58.99,25.1,23.26,-33.89,-135.0,35.73,Misleading Discount,active
Air Purifier for Home Household Air Purifier Cleaner with Aromatherapy Ions Generator Odor Eliminator HEPA Smoke Air Freshener,Uncategorized,121.99,50.62,48.77,-71.37,-141.0,73.22,Misleading Discount,active
Air Purifier Smoke Odor Negative Ion Generator with Aromatherapy Air Cleaner for Household HEPA Filter Efficient Purifying Air,Uncategorized,92.99,38.8,36.96,-54.19,-139.7,56.03,Misleading Discount,active
Desktop Air Purifier With HEPA Filter Portable Air Cleaner Odor Remover Air Freshener for Car Bedroom Office Mini Air Purifier,Uncategorized,24.99,11.5,9.65,-13.49,-117.3,15.34,Misleading Discount,active
"Air Purifier for Home Allergies Pets Hair in Bedroom H13 True HEPA Filter 25dB Filtration System Cleaner Odor Eliminators, White",Uncategorized,120.99,50.09,48.25,-70.9,-141.5,72.74,Misleading Discount,active
Air Purifier With H13 HEPA + Activated Carbon Filter Dual Purification for 20㎡ Rooms Blue Light for Pet Allergy Relief Air Clean,Uncategorized,34.99,15.63,13.78,-19.36,-123.9,21.21,Misleading Discount,active
Activated Carbon Filter Air Purifier Filter Indoor Air Purification Hassle-free Installation HEPA Air Purifier Filter,Uncategorized,29.99,13.66,11.81,-16.33,-119.5,18.18,Misleading Discount,active
2Pcs HEPA Replacement Filter Activated Carbon Filters for Air Purifier to Remove Airborn Contaminants and Odors,Uncategorized,7.99,4.67,2.83,-3.32,-71.1,5.16,Misleading Discount,active
PM2.5 Mi Hepa Filter Pro H Activated Carbon Filter Pro H for Mi Air Purifier Pro H Mi H13 Pro H Filter,Uncategorized,163.99,67.41,65.57,-96.58,-143.3,98.42,Misleading Discount,active
"Plug-in Air Purifier Ionizer HEPA Filter, Mini Portable Air Purifier for Home More Suitable for Bedrooms Toilets",Uncategorized,17.99,8.66,6.82,-9.33,-107.7,11.17,Misleading Discount,active
Portable Car Air Purifier HEPA Filter Formaldehyde Smoke Remover Deodorizer Negative Ion 360 Degree Air Cleaning Quiet Type-C,Uncategorized,32.99,14.76,12.91,-18.23,-123.5,20.08,Misleading Discount,active
Air Purifier H13 Hepa Filter 545*298*19mm for 3M Filtrete FAP03 Filter PM2.5 Odor Air Cleaner,Uncategorized,69.99,29.51,27.66,-40.48,-137.2,42.33,Misleading Discount,active
User Friendly Portable HEPA Air Purifier - Quiet Operation for Bedrooms & Small Spaces,Uncategorized,98.99,41.16,39.32,-57.83,-140.5,59.67,Misleading Discount,active
"Air Purifier for Large Family Rooms, H13 HEPA Filter 25dB Quiet Filtration System, Bedroom Office, Remove 99.97% of Dust, Smoke",Uncategorized,63.99,27.28,25.43,-36.71,-134.6,38.56,Misleading Discount,active
"Air Purifier forLarge Room,with WiFi UV,Remove Smoking,Negative Ion HEPA Filter Air Purifier,Activated Carbon Air Filter for Pet",Uncategorized,225.99,91.91,90.06,-134.08,-145.9,135.93,Misleading Discount,active
User Friendly Portable HEPA Air Purifier with Negative Ion - Quiet for Bedrooms & Small Spaces,Uncategorized,103.99,43.16,41.31,-60.83,-140.9,62.68,Misleading Discount,active
"2-Pack Air Purifier Replacement Filter for Afloia Fillo/Halo/Allo - True HEPA Filter Removes 99.97% Dust, Smoke, Odor, Pet Dande",Uncategorized,37.99,16.96,15.11,-21.03,-124.0,22.88,Misleading Discount,active
H12 HEPA Air Purifier PM2.5 Smoke aromath Air Fresher Usb Air Circulator Electric Vehicle Aromatherapy Accessories Black White,Uncategorized,63.99,27.1,25.26,-36.89,-136.1,38.73,Misleading Discount,active
"HEPA Air Purifier For Home With Scented Sponge,Deodorizing For Office Living Room Bedrooms",Uncategorized,27.99,12.78,10.94,-15.21,-119.0,17.05,Misleading Discount,active
36 Stage Upgraded Shower Filter with Vitamin C | VeoryFly,Shower Filter,15.29,21.99,,6.7,30.5,,OK,active
"120-Inch 4K QLED Android Smart TV | WiFi, HDR & Gaming Ready",Smart TV,371.99,150.66,148.8,-221.33,-146.9,223.19,Misleading Discount,active
"12-Inch Portable Mini TV | LED Display, AV, USB & VGA Inputs",Portable TV,122.99,50.96,49.1,-72.03,-141.3,73.89,Misleading Discount,active
"70-Inch 4K Smart LED TV | WiFi, HDTV & Hotel Use | Android",Smart TV,556.99,224.31,222.45,-332.68,-148.3,334.54,Misleading Discount,active
Good Price Smart Television 20 1280x1024 Inch LED TV,Uncategorized,102.99,42.78,40.92,-60.21,-140.7,62.07,Misleading Discount,active
"32-Inch Portable Smart TV | Touch Screen, Built-in Battery, Rotating Stand | Android",Portable Smart TV,732.99,294.99,293.13,-438.0,-148.5,439.86,Misleading Discount,active
"19-Inch Smart LED TV | Full HD, HDMI, USB & VGA | Hotel & Home Use",LED TV,55.99,24.18,22.32,-31.81,-131.6,33.67,Misleading Discount,active
"32/50 Inch Smart TV 4K Ultra HD LED  TVs Televisions LED  Inch Flat Display Screen Stand Supports Flash Drive, Ideal for Indoor",Uncategorized,364.99,147.68,145.82,-217.31,-147.1,219.17,Misleading Discount,active
"50–85 Inch 4K QLED Smart TV | Google TV, Android, WiFi & Dolby Vision",Smart TV,600.99,242.17,240.31,-358.82,-148.2,360.68,Misleading Discount,active
"24-Inch Android 13 Touch Screen Portable TV | Rollable Stand, WiFi, 8000mAh Battery",Portable Smart TV,466.99,188.6,186.74,-278.39,-147.6,280.25,Misleading Discount,active
50 Inch 1080P Full Color Tube Chip Advertising Naked Eye Television 3d TV Monitor Without Glasses for Shopping Mall,Uncategorized,5579.99,2233.82,2231.96,-3346.17,-149.8,3348.03,Misleading Discount,active
"OEM Smart LED TV | 19 to 85 Inch | Android, Full HD, Custom Logo & Sizes",Smart TV,74.99,31.62,29.76,-43.37,-137.2,45.23,Misleading Discount,active
"65-Inch Outdoor Smart TV | 1000–2500 Nits, 4K, WebOS, WiFi & Dolby Audio",Outdoor TV,2231.99,894.65,892.79,-1337.34,-149.5,1339.2,Misleading Discount,active
"32-Inch Smart FHD LED TV | 1080P, Android, WiFi, HDMI & DVB-T2 |  Model",Smart TV,121.99,50.3,48.44,-71.69,-142.5,73.55,Misleading Discount,active
"27 & 32-Inch Portable Android 13 Touch Screen TV | Rollable Stand, 10000mAh, WiFi",Portable Smart TV,672.99,271.03,269.17,-401.96,-148.3,403.82,Misleading Discount,active
"21.5-Inch Movable Android Smart TV | Full HD, 120Hz Touch Screen, Interactive Portable Display",Portable Smart TV,464.99,187.86,186.0,-277.13,-147.5,278.99,Misleading Discount,active
"55-Inch 4K Ultra HD Android Smart LED TV | HDR, WiFi, HDMI & USB",Smart TV,749.99,301.68,299.82,-448.31,-148.6,450.17,Misleading Discount,active
"43–75 Inch Outdoor Waterproof 4K TV | IP55, 1000 Nits, WiFi, Netflix & HDR",Outdoor TV,1858.99,745.1,743.24,-1113.89,-149.5,1115.75,Misleading Discount,active
Women's Knitted Splicing Down Cotton Coat — Warm Versatile Short Winter Jacket,Uncategorized,63.99,27.11,25.22,-36.88,-136.0,38.77,Misleading Discount,active
Women's Miyake Pleated Print Fishtail Dress — Chinese Style Cheongsam Summer Skirt,Uncategorized,34.99,15.54,13.65,-19.45,-125.2,21.34,Misleading Discount,active
Women's High-Waisted Casual Trousers — Solid Colour Fashion Wide Leg Pants,Uncategorized,41.99,18.67,16.78,-23.32,-124.9,25.21,Misleading Discount,active
Women's Embroidery V-Neck Long Sleeve Top — Elegant Loose Office Blouse,Uncategorized,71.99,30.61,28.72,-41.38,-135.2,43.27,Misleading Discount,active
Women's Plush Knitted Homewear Pants — Cosy Winter Lounge Trousers,Uncategorized,31.99,14.3,12.41,-17.69,-123.7,19.58,Misleading Discount,active
Women's High Waisted Ruffled Hem Skirt — Patchwork Slimming Half Skirt,Uncategorized,30.99,14.13,12.24,-16.86,-119.3,18.75,Misleading Discount,active
Women's Hooded Down Cotton Parka Coat — Thickened Warm Winter Overcoat,Uncategorized,52.99,22.93,21.04,-30.06,-131.1,31.95,Misleading Discount,active
Women's Seamless Yoga Long Sleeve Gym Shirt — Slim Fit Running Fitness Top,Uncategorized,16.99,8.35,6.46,-8.64,-103.5,10.53,Misleading Discount,active
Women's Solid Colour Irregular Short Sleeve Matching Set — Elegant Summer Co-ord,Uncategorized,26.99,12.65,10.76,-14.34,-113.4,16.23,Misleading Discount,active
Women's High-Neck Colour Block Graffiti Long Dress — Slim Fit Bodycon Maxi,Uncategorized,18.99,9.39,7.5,-9.6,-102.2,11.49,Misleading Discount,active
Unisex Waffle Plaid Dressing Gown — Lightweight Breathable Summer Bathrobe,Uncategorized,34.99,15.57,13.68,-19.42,-124.7,21.31,Misleading Discount,active
Medieval Hooded Woollen Cloak — Elf Halloween Renaissance Party Cape,Uncategorized,29.99,13.55,11.66,-16.44,-121.3,18.33,Misleading Discount,active
Women's Thermal Velvet Sleeveless Top — Warm Winter Underwear Base Layer,Uncategorized,8.99,5.27,3.38,-3.72,-70.6,5.61,Misleading Discount,active
Women's Pleated Lace-up Hip Wrap Dress Set — High Quality Temperament Fashion,Uncategorized,75.99,31.9,30.01,-44.09,-138.2,45.98,Misleading Discount,active
Women's Acetate Satin Blouse — High-End Niche Cool White Office Shirt,Uncategorized,17.99,8.9,7.0,-9.09,-102.1,10.99,Misleading Discount,active
Women's Y2K Harajuku Aesthetic Crop Top — Emo Streetwear Blouse,Uncategorized,9.99,5.68,3.79,-4.31,-75.9,6.2,Misleading Discount,active
Women's 100% Merino Wool Turtleneck Vest — Sleeveless Knit Waistcoat,Uncategorized,45.99,20.11,18.22,-25.88,-128.7,27.77,Misleading Discount,active
Women's Hooded Down Cotton Jacket with Belt — Warm Windproof Commuter Coat,Uncategorized,103.99,43.21,41.32,-60.78,-140.7,62.67,Misleading Discount,active
Women's Casual Fashion Dress — Elegant Everyday Style,Uncategorized,57.99,24.79,22.9,-33.2,-133.9,35.09,Misleading Discount,active
Women's Chiffon See-through Blouse — Elegant Sexy Night Club Cover-up Top,Uncategorized,34.99,15.78,13.89,-19.21,-121.7,21.1,Misleading Discount,active
Women's High-Waist Yoga Shorts — Quick Dry Athletic Leggings,Uncategorized,6.99,4.6,2.71,-2.39,-52.0,4.28,Misleading Discount,active
Adjustable Plastic Dog Collar Waterproof Pet Cat Puppy Collar Kitten Collars 70cm 38cm for Small Medium Large Dogs Pet Supplies,Uncategorised,5.99,3.93,2.04,-2.06,-52.4,3.95,Misleading Discount,active
Household Energy Saver Box — Digital Electricity Saving Device with LED,Uncategorized,15.99,8.15,6.26,-7.84,-96.2,9.73,Misleading Discount,active
Stainless Steel Bohemian Anklet — Waterproof Personalised Foot Jewellery,Uncategorized,6.99,4.67,2.78,-2.32,-49.7,4.21,Misleading Discount,active
Stainless Steel Crystal Bracelet Bangle — Elegant 3-Crystal Women's Jewellery,Uncategorized,8.99,5.45,3.56,-3.54,-65.0,5.43,Misleading Discount,active
Panda Plush Cushion — Soft Animal Floor Pillow & Room Decor Gift,Uncategorized,19.99,9.52,7.62,-10.47,-110.0,12.37,Misleading Discount,active
VIP Customizable Engraved Pets ID Tag for Dog Cat Bronze Nameplate Tags Personalized  Address Number Dogs Collar ID Pendant,Uncategorised,20.99,10.26,8.37,-10.73,-104.6,12.62,Misleading Discount,active
Women's Printed V-Neck Dress — 3/4 Sleeve Casual Summer Dress,Uncategorized,27.99,13.01,11.12,-14.98,-115.1,16.87,Misleading Discount,active
Men's Running Mesh Shoes — Lightweight Breathable Athletic Sneakers,Uncategorized,40.99,18.21,16.32,-22.78,-125.1,24.67,Misleading Discount,active
Memory Foam Cervical Pillow — 2-in-1 Ergonomic Neck Support Pillow,Uncategorized,46.99,20.54,18.65,-26.45,-128.8,28.34,Misleading Discount,active
"3-in-1 Mini Hair Straightener, Curler & Beard Styler — Professional Hot Comb",Uncategorized,8.99,5.3,3.41,-3.69,-69.6,5.58,Misleading Discount,active
Women's Square Pendant Necklace — Delicate Stainless Steel Chain,Uncategorized,6.99,4.67,2.78,-2.32,-49.7,4.21,Misleading Discount,active
KZ ZSN Pro X Hybrid In-Ear Earphones — HIFI Bass Sport Earbuds,Uncategorized,31.99,14.51,12.62,-17.48,-120.5,19.37,Misleading Discount,active
Lenovo AI Wireless Translator Earphones — Real-Time 144 Language Translation,Uncategorized,3.99,3.45,1.56,-0.54,-15.7,2.43,Misleading Discount,active
Women's Lotus Leaf Edge Dress — Elegant Flowy Summer Dress,Uncategorized,29.99,13.62,11.72,-16.37,-120.2,18.27,Misleading Discount,active
Women's Zircon Ring — Waterproof Stainless Steel Fashion Jewellery,Uncategorized,13.99,7.19,5.29,-6.8,-94.6,8.7,Misleading Discount,active
Women's Crystal Zircon Granular Ring — Waterproof Stainless Steel Fine Jewellery,Uncategorized,7.99,4.95,3.06,-3.04,-61.4,4.93,Misleading Discount,active
LED Galaxy Projector Night Light — Starry Sky Lamp with Remote Control,Uncategorized,8.99,5.44,3.55,-3.55,-65.3,5.44,Misleading Discount,active
Women's Detachable Lace Collar — Vintage False Collar Accessory,Uncategorized,9.99,5.87,3.98,-4.12,-70.2,6.01,Misleading Discount,active
Women's Heart Pendant Necklace — Waterproof Stainless Steel Jewellery,Uncategorized,8.99,5.25,3.36,-3.74,-71.2,5.63,Misleading Discount,active
"ANXRE Selfie Stick Travel Tripod with Remote – 360° Rotatable, 41.7"", Compatible with Smartphone & GoPro (Black)",Photography Accessory,8.49,9.99,,1.5,15.0,,OK,active
"buwy 4-in-1 Phone Stand with Bluetooth Speaker – RGB Light, Wireless Charger, 40H Battery (Pink)",Tech Gadget,11.99,,,,,,No Discount,active
"PhysioRoom Ab Roller Exercise Wheel with Auto Return – Core, Chest, Arms & Shoulder Trainer (Black)",Fitness Equipment,8.99,,,,,,No Discount,active
"RAM Ab Abdominal Exercise Roller – ABS Wheel Gym Tool, Compact Home Fitness Training (Black)",Fitness Equipment,5.99,,,,,,No Discount,active
Comfortos 20-in-1 Push Up Board with Resistance Bands – Foldable Home Gym Equipment for Men & Women,Fitness Equipment,12.99,,,,,,No Discount,active
"HOGKMOHK Wireless Earbuds – Bluetooth 5.1, IPX7 Waterproof, HiFi Stereo, LED Display (Black)",Earbuds,9.99,,,,,,No Discount,active
"Rebocico Bluetooth Headphones Over Ear – 65H Playtime, 6 EQ Modes, FM & SD Card (Black & Gold)",Headphones,18.99,19.99,,1.0,5.0,,OK,active
"Geepas 2 Slice Bread Toaster – 7 Level Browning, Defrost, Reheat & Cancel, 750W (Black)",Toaster,15.9,22.99,,7.09,30.8,,OK,active
"Drew&Cole 4L Digital Air Fryer – 8-in-1, 1500W, Low-Oil Healthy Cooking",Air Fryer,27.99,,,,,,No Discount,active
"ULIPTZ Wireless Headphones Over Ear – 65H Playtime, 6 EQ Modes, Bluetooth 5.3 (Silver)",Headphones,18.99,,,,,,No Discount,active
"Drew&Cole 4L Digital Air Fryer – 8‑in‑1, Low‑Oil Cooking",Home & Garden > Kitchen & Dining > Kitchen Appliances > Air Fryers,27.99,,,,,,No Discount,active
