Title,Variant Price
Scalp Massage Comb Liquid Serum Oil Brush Nourish Head Hair Growth Hair Regrowth Hair Roots Comb Anti Hair Articles Tools,2.99
Women's Clothing Western Tops 2024 hot autumn new waist cinched round neck tight long sleeved top Europe America T-Shirts Tees,3.99
10 Ml Scalp Massage Comb Liquid Serum Oil Brush Nourish Head Hair Growth Hair Regrowth Hair Roots Comb Anti Hair Articles Tools,3.99
Scalp Massage Comb Liquid Serum Oil Brush Nourish Head Hair Growth Hair Regrowth Hair Roots Comb Anti Hair Articles Tools,3.99
Scalp Applicator Liquid Comb Mini Scalp Massage Brush Essential Oil Guiding Massager Hair Growth Oil Applicator Hair Care Tools,3.99
Lenovo AI Wireless Translator Earphones — Real-Time 144 Language Translation,3.99
Silicone Head Scalp Massage Comb Hair Washing Brush Soft Scalp Massager for Hair Growth Shampoo Brush Shower Comb Hair Care,4.99
Retro Men's T-Shirt Gym American Flag Print Casual Crew Neck Short Sleeve Top Outdoor Loose-Fit Sweatshirt Streetwear Pullover,5.99
5ML Scalp Applicator Liquid Comb For Hair Growth Serum Oil Nourish Mini Portable Hair Roots Massage Medicine Comb Hair,5.99
Adjustable Plastic Dog Collar Waterproof Pet Cat Puppy Collar Kitten Collars 70cm 38cm for Small Medium Large Dogs Pet Supplies,5.99
"RAM Ab Abdominal Exercise Roller – ABS Wheel Gym Tool, Compact Home Fitness Training (Black)",5.99
Mini Scalp Applicator Comb 1-3 Comb Head Massager Roller Ball Brush for Hair Growth Essential Oil Liquid Medicine Massage,6.99
Sports Water Bottle with Time-Tracking Straw Leak Proof Locking Flip Cover for Easy Carry Ideal for Outdoor Adventures,6.99
Mini Portable Scalp Applicator Liquid Comb Hair Roots Massage Medicine Comb Hair For Hair Growth Serum Oil Nourish,6.99
Stainless Steel Bohemian Anklet — Waterproof Personalised Foot Jewellery,6.99
Women's High-Waist Yoga Shorts — Quick Dry Athletic Leggings,6.99
Women's Square Pendant Necklace — Delicate Stainless Steel Chain,6.99
Scalp Applicator Liquid Comb Portable Liquid Guiding Massager Comb Bottle Applicator Brush for Hair Growth Serum Oil Apply,7.99
"LED Strip Lights RGB 3535 ,5V 1M-30M,16 million colors, RGB , Led Strip Lighting Music Sync, Color Changing for Party Home",7.99
Smart LED Strip Lights 1m-20m Music Sync RGB 5V with App & Remote Control for Christmas Party Room Decoration Lighting,7.99
2Pcs HEPA Replacement Filter Activated Carbon Filters for Air Purifier to Remove Airborn Contaminants and Odors,7.99
"Hair care serum, gently nourishing, massages the scalp, moisturizes and smooths hair, hair care spray",7.99
Summer men's round neck breathable T-shirt with cartoon bear print pattern suitable for daily and weekend gifting to friends,7.99
Underwear Dress Women Striped Perspective Hollow Tight Short Dresses Women Clothing Dress Summer Sheer Breathable Camisole Skirt,7.99
Women's Crystal Zircon Granular Ring — Waterproof Stainless Steel Fine Jewellery,7.99
"Summer innovative design EVA men's shoes, soft and lightweight home slippers, suitable for indoor and outdoor leisure activities",7.99
"ANXRE Selfie Stick Travel Tripod with Remote – 360° Rotatable, 41.7"", Compatible with Smartphone & GoPro (Black)",8.49
Stainless Steel Crystal Bracelet Bangle — Elegant 3-Crystal Women's Jewellery,8.99
"3-in-1 Mini Hair Straightener, Curler & Beard Styler — Professional Hot Comb",8.99
Women's Thermal Velvet Sleeveless Top — Warm Winter Underwear Base Layer,8.99
10 Ml Scalp Massage Comb Liquid Serum Oil Brush Nourish Head Hair Growth Hair Regrowth Hair Roots Comb Anti Hair Articles Tools,8.99
Smart LED Strip Light Supports App and Remote Control Features RGB Color-changing Can Sync with Music for Rooms Parties Decora,8.99
Hat Men Version Tide Solid Color Flat Baseball Caps Cotton Blend Cap Men Side Button Duck Tongue Hat Sunscreen Sports Hat,8.99
Women's Heart Pendant Necklace — Waterproof Stainless Steel Jewellery,8.99
LED Galaxy Projector Night Light — Starry Sky Lamp with Remote Control,8.99
1/2pcs Autumn  Winter Men's High Neck T-shirt Slim Fit Fashion High Elastic Long Sleeve Casual Breathable Apparel Pullover,8.99
LED Light Mask Helmet Halloween Christmas PV Darth Vader Mask Soldiers Luminous Masks,8.99
Hair Scalp Massager for Hair Care Scalp Scrubber Shampoo Brush & Exfoliator for All Hair Types Relaxing & Exfoliating,8.99
"PhysioRoom Ab Roller Exercise Wheel with Auto Return – Core, Chest, Arms & Shoulder Trainer (Black)",8.99
"HOGKMOHK Wireless Earbuds – Bluetooth 5.1, IPX7 Waterproof, HiFi Stereo, LED Display (Black)",9.99
Men Women Print T-shirt Fashion Hip Hop Metal Gothic Rock T Shirt Loose Streetwear Summer Loose Sport T Shirt Y2K Short Sleeve,9.99
Women's Detachable Lace Collar — Vintage False Collar Accessory,9.99
Women's Y2K Harajuku Aesthetic Crop Top — Emo Streetwear Blouse,9.99
LED Lights RGB Strip Smart Music Sync Color Changing Strip Lights Remote App Control LED Light for TV BackLight Room Home Party,9.99
Led Strip Lights with 44 Key Remote Control 1m 5m 10m 20m RGB Tape Led Wall Room for Home Bedroom Party Decor TV Backlight,10.99
Men's sleeveless fitness shirt anime M sports leisure jogging fast drying summer training clothes fitness men,10.99
Smart Led Lights Strip TV Smart Bedroom Lighting Bluetooth Usb Led Strip Rgb 5V Adhesive Led Tape 5050 Wall Room Decoration,10.99
12V LED Strip SMD 2835 1M 2M 3M 4M 5M LED Stripe Tape Light 120LED/M 240LED/M Warm White Flexible Strip Ribbon Home Decor Light,10.99
Summer Men T-shirt High Quality Cotton Blend Funny Banana Printing Loose O-neck Men Short Sleeve Casual For Male T-shirt Top Tee,10.99
Scalp Liquid Applicator Comb - For Hair Growth Serum/Essential Oil Guiding & Scalp Massage,11.99
Men's Tracksuit 2 Piece O-neck Short Sleeve Shirt Shorts Set Men's Running Suit Plus Size T shirts Man Clothing Summer T-shirt,11.99
"buwy 4-in-1 Phone Stand with Bluetooth Speaker – RGB Light, Wireless Charger, 40H Battery (Pink)",11.99
Women Nightwear Home Clothes Sexy Black Floral Printing Nightdress Sleepwear Nightshirts Silk Sleepshirts Nightgowns For Woman,11.99
Men Sport T-shirt Quick Dry Bodybuilding Running Shirt Long Sleeve Compression Top Gym T Shirt Men Fitness Tight Rashgard,11.99
Car Cordless Vacuum Cleaner Portable Large Suction Household Cleaning Equipment Handheld Dust Collector Small Mini Dust Blower,11.99
Pure White 260g Heavy T-shirt Men's Summer Pure Cotton Short-sleeved New Men's and Women's Streetwear,11.99
Cordless Handheld Home & Car Vacuum Cleaner 2-in-1 Blowing and Suction USB Rechargeable Small and Portable with Washable Filter,11.99
Comfortos 20-in-1 Push Up Board with Resistance Bands – Foldable Home Gym Equipment for Men & Women,12.99
2024 NEW Summer Running Shorts Men Sports Jogging Fitness Shorts Quick Dry Mens Gym Men Shorts mesh gyms Shorts Men's sweatpants,12.99
Red And Black Plaid Shirt Men Shirts 2026 New Summer Fashion Chemise Homme Mens Checkered Shirts Short Sleeve Shirt Men Blouse,12.99
Men's Casual and Fashionable Long Sleeved Solid Color Shirt Non Ironing and Wrinkle Resistant Business Top,12.99
2024 Mens Print Pants Autumn/Winter New In Men's Clothing Trousers Sport Jogging Fitness Running Trousers Harajuku Streetwear,12.99
Electric Spray Massage Comb Hair Growth Vibration Head Massager Brush LED Anti Hair Loss Scalp Liquid Medicine Atomizing Comb,12.99
"Handheld Car Vacuum Cleaner, 15000PA Portable Cordless, Dual use of blowing and suctionMulti-Nozzles, for Car, Home, Pet, Office",12.99
Women's Zircon Ring — Waterproof Stainless Steel Fashion Jewellery,13.99
Women Clothes Cat It's Fine I'm Fine Everything Is Fine Print T-shirts Summer Casual  Fashion Personalized Woman Clothing,13.99
Men's Polo Shirt Golf Shirt Graphic Prints V Neck Outdoor Street Short Sleeves Print Clothing Sports Fashion Streetwear Designer,13.99
LED Car Music Light Strip 48LEDs USB Smart Bluetooth APP Control Waterproof Multi-color RGB Car Interior Atmosphere Light Strip,13.99
Smart Led Strip Lights With Remote Control With-remote Rgb Light Bar Lamp Sync With-music Atmosphere Decoration Desktop For-room,13.99
Elegant Dresses for Woman Clothes V Neck Bodycon Mini Dress Long Sleeve Double Button High Slit Gown  ﻿,13.99
100% Cotton T-shirt Men Women Solid Color O Neck Short-sleeved Tops Summer Korean Loose Half-sleeve T Shirt Unisex M-4XL,13.99
"Cordless USB rechargeable, cordless charging, with 3 accessories, car/home/pet handheld vacuum cleaner",14.99
2025 New Men Sportswear Fitness Top Gym Shirts Quick-drying Breathable Slim Long-sleeved T-shirt Running Training Clothes Autumn,14.99
Hawaii Shirts for Men 3D Paisley Graphic Short-sleeved T-shirt Casual Lapel Buttons Male Tops Summer Oversized Bohemian Man Tees,14.99
Mens Bodybuilding Sports Tight T-shirt Summer Compression Turtleneck Short Sleeve Gym Fitness Running Quick Dry Male Workout Top,14.99
"2025 Men's trousers for autumn and winter, men's casual pants, fashionable soft sportswear pants, jogging sports logo print",14.99
Women's Clothing 2024 Spring Summer New Fashionable Printed Temperament Slim Fit Sexy Sleeveless Tight Fitting Dress,14.99
"Portable Milkshake and Smoothie Blender 10 Blades Powerful Juice Jug with USB Rechargeable for Home, Office, Sports, Outdoor.",14.99
36 Stage Upgraded Shower Filter with Vitamin C | VeoryFly,15.29
"Geepas 2 Slice Bread Toaster – 7 Level Browning, Defrost, Reheat & Cancel, 750W (Black)",15.9
"Cordless Handheld Vacuum Cleaner 3500Pa High Power Car Vacuum Portable Mini Vacuum With Advanced Brushless Motor,3 Nozzle",15.99
Men Women Off Campus Briar University Jersey Graham 44 fans 22 DI LAURENTIS 66 Tucker46 T-shirt V-neck Short Sleeve Men t-shirt,15.99
Household Energy Saver Box — Digital Electricity Saving Device with LED,15.99
6 Color 400ml Portable USB Blender Electric Travel Juicer Cup For Smoothie Milkshake Kitchen Mini Mixer Tool,16.99
"Scalp Massager Hair Growth Scalp Scrubber with Soft Silicone Bristles for Hair Growth Dandruff Removal, Hair Shampoo Brush Scalp",16.99
5-40M Smart RGB LED Strip Lights with Music Sync App & Remote Control - 16 Million Colors DC24V Durable LED Lights for Room Deco,16.99
Smart Led Strip Lights With Remote Control With-remote Rgb Light Bar Lamp Sync With-music Atmosphere Decoration Desktop For-room,16.99
Smart LED Strip Lights with Adhesive Backing，RGB 16 Million Colors Strip Lamp with App/Remote，Adjustable Brightness，Music Sync,16.99
Women's Seamless Yoga Long Sleeve Gym Shirt — Slim Fit Running Fitness Top,16.99
Autumn Men's Wide Loose Casual Pants Mens Patchwork Nine-point Sports  Elastic Rope Breathable Tie-foot Trousers,16.99
Smart RGB LED Strip Light 20M Fairy String Lights W/ APP Control Music Sync 12 Modes USB Powered for Xmas Home Decor,17.99
Modern Dance Clothes Women  V-Neck Seamless Short Sleeve T-Shirt Elegant Stage Costume Basic Training Tops Casual Summer Blouse,17.99
Tung Sahur Graphic Printed T-Shirt Men Summer Casual Loose Fashion Funny Round Neck Short Sleeve Tops Clothing T-shirt Unisex,17.99
Smart Gaming LED Strip Lights 24-34 Inch Computer Screen Backlight USB PC LED Backlight for Gaming Room Atmosphere Decoration,17.99
Hair Growth Spray Ginger Massage Scalp Damaged Treatment Solution Nourish Roots Fast Grow Anti Hair Loss Serum Beauty Health,17.99
"Hair Serum With Built-In Brush,Hair Nourishing Strengthening Essence,Improve Scalp Environment,Scalp Massager,Korean Hair Care",17.99
New men's dress shirt long sleeve thin free ironing business casual slim-fit fashion breathable high quality solid color,17.99
"Plug-in Air Purifier Ionizer HEPA Filter, Mini Portable Air Purifier for Home More Suitable for Bedrooms Toilets",17.99
Casual Dress Dresses 2025 Woman Simple Style Vestido Women's Clothing All-match Temperament Elegant Loose Quarter Sleeve Printed,17.99
Ladies Dress Autumn Women Hooded Dresses Hoodies Women Sweatshirts Women Hoodies Dress Tops Ladies Clothing,17.99
Women's Acetate Satin Blouse — High-End Niche Cool White Office Shirt,17.99
304 Stainless 500ml Steel Vacuum Insulated Water Bottle Portable Coffee Bottle Office Gift Set Business Style Travel Thermal Mug,17.99
2026 New Men's Sportswear Short Sleeved T-shirt and Sports Shorts Summer Casual Jogging Pants Set Men's Two-piece Set,17.99
Women's High-Neck Colour Block Graffiti Long Dress — Slim Fit Bodycon Maxi,18.99
Men's summer 100% cotton fashionable casual loose coconut tree pattern printed sports round neck short sleeved T-shirt top,18.99
"Car vacuum cleaner, cordless, usb charging, strong suction, portable, powerful mini air cleaner for household appliances",18.99
LED DJ Mask Headgear Lifelike Marshmello Mask Breathable Helmet Mask Carnival Festival Halloween Party Props Cosplay.Costume,18.99
"ULIPTZ Wireless Headphones Over Ear – 65H Playtime, 6 EQ Modes, Bluetooth 5.3 (Silver)",18.99
Hair Essential Care Serum Strengthen Roots Reducing Loss Prevent Baldness Nourish Scalp Hair Care Anti-Hair Loss Conditioner,18.99
"Rebocico Bluetooth Headphones Over Ear – 65H Playtime, 6 EQ Modes, FM & SD Card (Black & Gold)",18.99
Elegant Dresses for Women V Neck Flare Sleeve High Waisted Pleated A Line Mid Calf Luxury Birthday Party Dinner Vestidos Mujer,18.99
Women's Fashion Print Dress For Women Casual Sexy Deep V Neck Lace-Up Loose Dresses Robe Femme Summer Holiday Womens Clothing,18.99
Hair Growth Serum Anti Loss Regrowth Hair Growth Oil Prevent Baldness Repair Damage Scalp Massage Moisturizing Nourish Hair Care,18.99
Portable Blender Bottle Electric 6 Blades Multifunction Juice Blender Fresh Juice Smoothie Blender Ice CrushCup Food Processor,19.99
Panda Plush Cushion — Soft Animal Floor Pillow & Room Decor Gift,19.99
LED Red Light Photon Therapy Face Mask Beauty Instrument Facial SPA Acne Wrinkle Removal Skin Rejuvenation Anti Age Device,19.99
Led Lights for Room Music Sync RGB Led Strip Lights 10m 20m 30m Flexible Ribbon for Room Bedroom Decor TV Backlights,19.99
Male Pants Stretch Solid Black Smart Casual Men's Trousers Office Quick Dry Suit Pants New Spring Autumn Korean Straight Pants,20.99
VIP Customizable Engraved Pets ID Tag for Dog Cat Bronze Nameplate Tags Personalized  Address Number Dogs Collar ID Pendant,20.99
Fashion Women Knitted Clothes Set Femal Knitting Tops Skirts Woman Autumn Winter Knit Outfits Clothing,20.99
Women's Clothing Dresses For Ladies Spaghetti Strap Vestido Simple Style Temperament Printed Slim Sling Sleeveless Contrast,20.99
Coordinated Women Clothing Breathable Summer Outfit Women’s Batwing Sleeve Linen Two-piece Set Shirt Wide Leg Pants Outfit,20.99
Women's Clothing 2025 Spring And Summer New Sweet And Fresh V-neck Long Sleeved Irregular Hem Shirt Women's Top,20.99
LED Beauty Light Red Blue Light Device Professional Facial Rejuvenation Lam Spa Skin Care,20.99
Men's trousers summer casual pants new men's clothing fitness and sports sprint sports suit Bahia Port streetwear thin pants,20.99
Portable Electric Handheld Blender Rechargeable Travel Fruit Juicer Cup Mini Mixer for Smoothies Milkshakes,20.99
LED Photon Therapy Facial Slimming Vibration Massager Facial Lifting Device Facial Heated Double Chin V Face Vibration Massager,20.99
Fashion Clothes Vintage Dress for Women Clothing Streetwear Traditional Chinese Clothing Cheongsams Chinese Qipao Ethnic Style,21.99
Customize Insulated Stainless Steel Water Bottle with Straw - Ideal for Outdoor Leakproof & BPA-Free Perfect Gift for Men & Wome,21.99
Summer Mens Cargo Shorts Bermuda Cotton High Quality Hot Sale Army Military Multi-pocket Casual Male's Outdoor Short Pants,22.99
2026 New Rozanov 81 Boston Raiders 100%cotton men's shirt Graphics heated rival oversized Women's Short Sleeved Cheap Tshirt,22.99
Woman Clothing Versatile Sweatshirts Casual Hoodies Comfortable Pullovers Slim Fit Soft Striped Lazy Style Jogging Daily Women's,23.99
Trousers Versatile Mens Sweatpants Trend Print Pants Outdoors Sports Daily Casual Tracksuit Trousers Seaside Jogging Man Pants,23.99
Elegant Dresses for Women V Neck Flare Sleeve High Waisted Pleated A Line Mid Calf Luxury Birthday Party Dinner Vestidos Mujer,23.99
"Portable juicer, handheld blender, USB charging juice maker, suitable for making smoothies, milkshakes, and fruit juices",23.99
"Portable Blender, Portable Cordless Juicer Fruit Juicers for Smoothies Bottle, 420ml Smoothie Blenders-A09G",23.99
Woman Clothing  Summer Casual Two Piece Set Women T-Shirts O-Neck Shorts Daily Short Sleeve Tracksuit  New,23.99
Portable Handheld Insulated Water Bottle 24H Thermal Retention Stainless Steel Leakproof Vacuum Thermos Bottle,24.99
Desktop Air Purifier With HEPA Filter Portable Air Cleaner Odor Remover Air Freshener for Car Bedroom Office Mini Air Purifier,24.99
2025 Fashion Men Wool & Blends Mens Casual Business Trench Coat Mens Leisure Overcoat Male Punk Style Blends Dust Coats Jackets,24.99
Women Evening Dresses Sexy Elegant Red Cocktail Party Chic Gala Graduation Luxury Formal Occasion Bridesmaid Gown Dress Clothes,24.99
Women's clothing  fashion with belt elastic Midi dress,25.99
"Smart RGBIC LED Strip Light, Bluetooth, USB, 20m, Waterproof, String Light, Room, Outdoor, Garden, Fairy Lights, DIY Decoration",25.99
Casual Woman Clothing  Summer Two Piece Set for Women T-Shirts O-Neck Shorts Daily Short Sleeve Tracksuit  Matching,25.99
Women's Clothing 2025 Autumn/Winter Elegant Slim-Fit Turtleneck Solid Color Sweater Dress,26.99
dresses for women 2022 dress summer dresses sexy birthday dress for women clothes summer clothes for woman 2022,26.99
Women's Solid Colour Irregular Short Sleeve Matching Set — Elegant Summer Co-ord,26.99
White Dress For Women Casual Sexy V-neck Packed Hip Dresses Women Clothing 2022 Wedding Retro Sundress Midi Dress For Women,26.99
evening dresses  for women 2022 party dress women clothing birthday dress for woman long dresses fall clothes 2022,26.99
"Handheld juicer, portable blender, USB charging juice maker, suitable for making smoothies, milkshakes, and fruit juices",27.99
"HEPA Air Purifier For Home With Scented Sponge,Deodorizing For Office Living Room Bedrooms",27.99
Portable Blender Electric Juicer 600ML Fruit Mixers 4000mAh USB Rechargeable Smoothie Mini Blender Multifunction Juice Maker,27.99
"Drew&Cole 4L Digital Air Fryer – 8-in-1, 1500W, Low-Oil Healthy Cooking",27.99
Women's Printed V-Neck Dress — 3/4 Sleeve Casual Summer Dress,27.99
"Drew&Cole 4L Digital Air Fryer – 8‑in‑1, Low‑Oil Cooking",27.99
Women Suit Blazer Elegant Coat 2025 Spring Autumn Fashion Korean Blazer Luxury Double Breasted Jacket Solid Ladies Tops Clothes,28.99
New Casual Orthopedics Wide Feet Swollen Shoes Thumb Eversion Adjusting Soft Comfortable Diabetic Shoe Walking Shoes,28.99
Medieval Hooded Woollen Cloak — Elf Halloween Renaissance Party Cape,29.99
Activated Carbon Filter Air Purifier Filter Indoor Air Purification Hassle-free Installation HEPA Air Purifier Filter,29.99
Women's Lotus Leaf Edge Dress — Elegant Flowy Summer Dress,29.99
Electric Heating Massage Red Light Therapy Face Mask Massage for Facial Nerve Paralysis Rehabilitation Improve Blood Circulation,30.99
Wireless Handheld Vacuum Cleaner Cordless Handheld Chargeable Auto Vacuum for Home & Car & Pet Mini Vacuum Cleaner 50000Pa,30.99
"Portable Blender Cup, Electric USB Juicer Blender, Mini Blender, Portable Blender for Milkshakes and Smoothies",30.99
Women's High Waisted Ruffled Hem Skirt — Patchwork Slimming Half Skirt,30.99
Smart USB LED Strip RGBIC Color Changing Computer Screen Color Sync Back Light Monitor Ambient Decor Windows Software Control,31.99
Women's Clothing Autumn New Item Satin Dress Pleated Versatile Dress Women's Versatile Fashion Dress,31.99
Women's Plush Knitted Homewear Pants — Cosy Winter Lounge Trousers,31.99
KZ ZSN Pro X Hybrid In-Ear Earphones — HIFI Bass Sport Earbuds,31.99
"Red Light Therapy for Face/Neck, 7 Color LED Facial Light Therapy Wand  Portable Face Neck Massager Wand for Skin Care",31.99
Air Purifiers Small Portable Hepa Filter Air Purifier Home Remove Smoke Odor Formaldehy for Car Bedroom Small Air Purifier,32.99
Woman Work Clothes Suit Hotel Waiter Beauty Salon Spa Massage Nail Cafe Sexy Foot Bath Sauna Technician Overall Skirt Uniform,32.99
Portable Car Air Purifier HEPA Filter Formaldehyde Smoke Remover Deodorizer Negative Ion 360 Degree Air Cleaning Quiet Type-C,32.99
Women's Clothing Early Autumn White Blouses New French High-end Shirts Luxury Design White Shirts Tops Light Mature Style,33.99
Portable Blender Electric Fruit Blender Durable Smoothies and Milkshakes Maker Rechargeable for Outdoors Camping Traveling,33.99
"Women's clothing autumn new style elegant and fashionable banquet dress, grand display dress, African party bridesmaid dress",33.99
Unisex Waffle Plaid Dressing Gown — Lightweight Breathable Summer Bathrobe,34.99
"Portable juicer, multifunctional blender, USB charging juice maker, suitable for making smoothies, milkshakes, and fruit juices",34.99
Women's clothing 2025 autumn new style sweet and fresh striped V-neck batsleeves loose large-size dress long dress,34.99
Women's Chiffon See-through Blouse — Elegant Sexy Night Club Cover-up Top,34.99
Women's Miyake Pleated Print Fishtail Dress — Chinese Style Cheongsam Summer Skirt,34.99
Air Purifier With H13 HEPA + Activated Carbon Filter Dual Purification for 20㎡ Rooms Blue Light for Pet Allergy Relief Air Clean,34.99
Evening Dresses for Women 2024 Party Dress Women Clothing Birthday Dress for Woman Long Dresses Fall Clothes Long Dresses,35.99
Woman's Clothes Long Dresses 2025 New Style New Slit Bronzing Dress Long Skirt Evening Dress Sexy Outfits Women Female Clothing,35.99
Women Clothes Shirts for Women T-shirts Y2k Tops Vintage Women Clothing Fashion Casual Elegant Summer Embroidery Ethnic Style,35.99
100% cotton breathable short sleeve T-shirt men's summer fashion luxury brand golf Paul embroidery loose casual round neck top,36.99
"Portable blender with 20oz cup, USB-C rechargeable, self-cleaning, cordless for smoothies, gym, office.",36.99
Women White Dress Lace Up Sexy Midi Vestidos Ruffles Sleeveless Bodycon Female Dresses 2022 Buttons Belt Elegant Ladies Clothes,36.99
Women's Clothing New Autumn Winter Dress Solid Color Round Neck Swing Pocket Swing,36.99
Winter Women's Clothing Sexy Backless Bodycon Dress For Woman Elegant Evening Wear Stretch Polyester High Slit Knotted Detail,36.99
"2-Pack Air Purifier Replacement Filter for Afloia Fillo/Halo/Allo - True HEPA Filter Removes 99.97% Dust, Smoke, Odor, Pet Dande",37.99
"Portable juicer, handheld blender, USB charging juice maker, suitable for making smoothies, milkshakes, and fruit juices",37.99
Electric Laser Hair Growth Comb Red Blue Light Magnetic Therapy Head Massage Brush Anti Hair Loss  Hair Treatment Scalp Massager,38.99
Women's Clothing Autumn Christmas Printed Tight Hip-hugging Dress Long-sleeved Slimming T-shirt Short Skirt,38.99
Women's Pants & Camis Sports Clothing Summer Streetwear Fashion New Striped 2 Piece Casual Slim Elegant Female Knitted Clothing,38.99
New Portable Juice Maker Blender for Shakes Smoothies 700ML Multiple Colors 12-Blades Fast Mixing 2 In 1 Blender Bottle Juicer,39.99
Wireless Handheld Vacuum Cleaner Cordless Handheld Vacuum Chargeable Auto Vacuum for Home & Car & Pet Mini Vacuum Cleaner,39.99
"Women's Elegant Islamic Clothing, Pink Embroidered Robe, Loose Batwing Sleeve Arab Abaya",40.99
Maternity Clothes for Pregnant Women Pregnancy Clothing 2025 Autumn Winter Adjustable Waist Fashionable Loose Corduroy Overalls,40.99
Men's Running Mesh Shoes — Lightweight Breathable Athletic Sneakers,40.99
"New autumn and winter  fashion women's clothing, oversized with an irregular hem, solid color, heart-shaped",41.99
Women's clothing 2025 spring/summer new fashionable slim fit round neck pleated bag hip irregular sleeveless dress,41.99
"Portable blender, personal blender for milkshakes and smoothies, rechargeable and self-cleaning",41.99
Women's High-Waisted Casual Trousers — Solid Colour Fashion Wide Leg Pants,41.99
Women's clothing  spring new design ruffle edge horn sleeve lace-up top versatile shirt,41.99
Women's Clothing  Spring New Fashion Temperament Sexy Slim Fit Versatile High Waist Perspective Skirt Long Dress,43.99
Women Clothing 2 Pieces Print Long Sleeve Shirt Top and Pleated Mini Skirt Luxury Fashion Wear Elegant Party Birthday Dress Set,43.99
"temperament women's clothing new spring and summer styles: high-waisted midi skirts, high-neck loose",43.99
LED Infrared Therapy Chin Strap with V-shaped Face Lift LED Photon Therapy Facial Slimming Pad Wearable Pain Relief Tool Strap,44.99
New Portable Juice Maker Blender for Shakes Smoothies 700ML Multiple Colors 12-Blades Fast Mixing 2 In 1 Blender Bottle Juicer,44.99
"2025 New Men's Casual Slip-Ons - Durable, Comfortable, Breathable & Stylish Half-Slippers",44.99
"Personalized Prints, Contrasting Color Designs, Women's Suits, Short-Sleeved Tops and Pants for Spring and Summer, Casual Sports Two-Piece Outfits for Women, Suitable for Daily Commuting, Street Strolls, and Campus Outings, W",44.99
RGB Led Strip Light 12V SMD5050 5M 10M 15M 20M Smart Bluetooth Flexible Tape Lamp Remote Control Christmas Holiday Decoration,44.99
African Clothes For Women Fashion  Basin Embroidery Design Dresses Top With Pants,45.99
Women's 100% Merino Wool Turtleneck Vest — Sleeveless Knit Waistcoat,45.99
7 Colors LED Face Neck Mask Rechargeable LED Photon Beauty Mask Machine Facial Lifting Skin Care Tool,46.99
Summer New Women Clothing Elegant Office Dresses Pleated Woman Notched Collar Half Sleeve Belt Waisted Mid Female Vestidos,46.99
Memory Foam Cervical Pillow — 2-in-1 Ergonomic Neck Support Pillow,46.99
New Summer Mens Breathable Mesh Running Shoes Lightweight Sports Sneakers Fashion Trendy Brand,46.99
LED Lights Strip Smart TV Led Backlight USB RGB 5V Luces LED Neon Lighting App Control Rhythmic Sync Room Gaming Ambilight Lamp,47.99
Woman Clothes Tops V Elegant Knit Cardigan For Women With V Neck Tie Waist And Flared Hem Autumn And Winter Workwear Top,49.99
Women Clothes Sexy Fashion Long Dress Ladies Elegant Slim Solid Dresses Office Lady Club Dress Party Clothing Bodycon Dress,49.99
Smart LED Gaming Strip Light Computer Monitor Backlight Sync Strip Light RGB Light Bar Screen USB Gaming Bedroom Decor Lamp,51.99
Electric Heated Facial Mask Red Light Therapy Facial Massager Relieves Facial Spasms Muscle Stiffness Jaw Ache Stress Relief,52.99
Women's Hooded Down Cotton Parka Coat — Thickened Warm Winter Overcoat,52.99
12V Portable Car Vacuum Cleaner Handheld Wet Dry Powerful Suction Auto Cleaning Cordless Rechargeable for Vehicle Detailing,53.99
Women's Clothing European American Fashion Casual Sports Autumn Winter Solid Color Drawstring Long-sleeved Suit Pant Sets,54.99
Women's Elegant Two-Piece Set Shiny Dress with Lace Interior Long Sleeve Autumn Occasion Fashionable Female Clothing,55.99
"19-Inch Smart LED TV | Full HD, HDMI, USB & VGA | Hotel & Home Use",55.99
LED Red Light Therapy Panel Lamp for Facial Anti Aging Skin Care Beauty 225 LED Light Body Pain Relief Physical Therapy Tools,56.99
Women's Clothing Trend 2025 Spring Long Sleeve High Waist Evening Dresses Sexy V Neck Floral Printed Boho Holiday Dress Vestidos,56.99
Women's Clothing 2025 New Fashion Casual Halter Neck Solid Color Sleeveless Suit Wide Leg Pants Trousers Two-piece Suit,56.99
Women's Casual Fashion Dress — Elegant Everyday Style,57.99
LED Red Light Therapy Panel Lamp for Facial Anti Aging Skin Care Beauty 225 LED Light Body Pain Relief Physical Therapy Tools,57.99
Women Evening Dresses Sexy Elegant Red Cocktail Party Chic Gala Graduation Luxury Formal Occasion Bridesmaid Gown Dress Clothes,57.99
Air Purifier HEPA Filter Negative Ion Automatic Formaldehyde PM2.5 Air Eliminator Round Car Interior Accessories,58.99
LED Mask with Gesture Sensing for Halloween Party Festival Performance Kids Luminous Mask NEW Children Electronic Light up Mask,59.99
LED Red Light Therapy Panel Lamp for Facial Anti Aging Skin Care Beauty 225 LED Light Body Pain Relief Physical Therapy Tools,60.99
H12 HEPA Air Purifier PM2.5 Smoke aromath Air Fresher Usb Air Circulator Electric Vehicle Aromatherapy Accessories Black White,63.99
"Air Purifier for Large Family Rooms, H13 HEPA Filter 25dB Quiet Filtration System, Bedroom Office, Remove 99.97% of Dust, Smoke",63.99
Women's Knitted Splicing Down Cotton Coat — Warm Versatile Short Winter Jacket,63.99
Blender Kitchen Chopper Portable Stationary Blender For Smoothies Mixer Machine Electric Juicer Food Processor Multifunctional,64.99
"B89B-Portable Blender, Cordless USB Rechargeable Mini Smoothie Maker Multi-Functional Fruit Blender For Home Office Travel Usage",68.99
Red Light Therapy Eye Mask Rechargeable Anti Aging Wrinkle Reduction Treatment Eye Care Device Skin Rejuvenation Facial Beauty,69.99
Air Purifier H13 Hepa Filter 545*298*19mm for 3M Filtrete FAP03 Filter PM2.5 Odor Air Cleaner,69.99
LED Red Light Therapy Panel Lamp for Facial Anti Aging Skin Care Beauty 225pcs LED Light Body Pain Relief Physical Therapy,70.99
Women's Embroidery V-Neck Long Sleeve Top — Elegant Loose Office Blouse,71.99
Women's Clothing New  Style Dress,74.99
"OEM Smart LED TV | 19 to 85 Inch | Android, Full HD, Custom Logo & Sizes",74.99
LED red panel light facial anti-aging skin care beauty 144 LED light body physiotherapy tools yoga relaxation lamp,75.99
Women's Pleated Lace-up Hip Wrap Dress Set — High Quality Temperament Fashion,75.99
"Cordless Car Vacuum Cleaner Handheld, High Power Wet Dry Portable Vacuum Blower with One-Key Dust Emptying for Car Home Cleaning",79.99
4 in 1 with Neck Led Light Therapy Infrared Flexible Soft Mask Silicone 4 Color Led Therapy Anti Aging Advanced Photon Mask New,83.99
Smart LED Face Masks Programmable Bluetooth APP Control Change Face DIY Photoes for Party Display LED Light Mask for Halloween,85.99
Air Purifier Smoke Odor Negative Ion Generator with Aromatherapy Air Cleaner for Household HEPA Filter Efficient Purifying Air,92.99
Women Clothing Wholesale Summer Ladies Fashion Dresses High Quality Stretch Sleeveless Dresses,95.99
User Friendly Portable HEPA Air Purifier - Quiet Operation for Bedrooms & Small Spaces,98.99
Good Price Smart Television 20 1280x1024 Inch LED TV,102.99
User Friendly Portable HEPA Air Purifier with Negative Ion - Quiet for Bedrooms & Small Spaces,103.99
Women's Hooded Down Cotton Jacket with Belt — Warm Windproof Commuter Coat,103.99
"Air Purifier for Home Allergies Pets Hair in Bedroom H13 True HEPA Filter 25dB Filtration System Cleaner Odor Eliminators, White",120.99
"32-Inch Smart FHD LED TV | 1080P, Android, WiFi, HDMI & DVB-T2 |  Model",121.99
Air Purifier for Home Household Air Purifier Cleaner with Aromatherapy Ions Generator Odor Eliminator HEPA Smoke Air Freshener,121.99
"12-Inch Portable Mini TV | LED Display, AV, USB & VGA Inputs",122.99
NEW LED Red Light Therapy Full Body Infrared Lamp for Facial Light Treatment Anti Aging Beauty Devices Relieve overall skin pain,136.99
PM2.5 Mi Hepa Filter Pro H Activated Carbon Filter Pro H for Mi Air Purifier Pro H Mi H13 Pro H Filter,163.99
"Air Purifier forLarge Room,with WiFi UV,Remove Smoking,Negative Ion HEPA Filter Air Purifier,Activated Carbon Air Filter for Pet",225.99
"32/50 Inch Smart TV 4K Ultra HD LED  TVs Televisions LED  Inch Flat Display Screen Stand Supports Flash Drive, Ideal for Indoor",364.99
"120-Inch 4K QLED Android Smart TV | WiFi, HDR & Gaming Ready",371.99
"21.5-Inch Movable Android Smart TV | Full HD, 120Hz Touch Screen, Interactive Portable Display",464.99
"24-Inch Android 13 Touch Screen Portable TV | Rollable Stand, WiFi, 8000mAh Battery",466.99
"70-Inch 4K Smart LED TV | WiFi, HDTV & Hotel Use | Android",556.99
"50–85 Inch 4K QLED Smart TV | Google TV, Android, WiFi & Dolby Vision",600.99
"27 & 32-Inch Portable Android 13 Touch Screen TV | Rollable Stand, 10000mAh, WiFi",672.99
"32-Inch Portable Smart TV | Touch Screen, Built-in Battery, Rotating Stand | Android",732.99
"55-Inch 4K Ultra HD Android Smart LED TV | HDR, WiFi, HDMI & USB",749.99
"43–75 Inch Outdoor Waterproof 4K TV | IP55, 1000 Nits, WiFi, Netflix & HDR",1858.99
"65-Inch Outdoor Smart TV | 1000–2500 Nits, 4K, WebOS, WiFi & Dolby Audio",2231.99
Commercial Slushy Maker Machine Portable 3 Bowl Blender Smoothie Maker with Rotating Tank for Juice Beverage Shop Business,2716.99
50 Inch 1080P Full Color Tube Chip Advertising Naked Eye Television 3d TV Monitor Without Glasses for Shopping Mall,5579.99
